idx	word	count	avg_attr	std_attr	avg_pred
0	tribalism	1	1.0	0.0	1.0
1	terrified	1	1.0	0.0	1.0
2	starvation	1	1.0	0.0	1.0
3	precedent	1	1.0	0.0	1.0
4	overpopulation	1	1.0	0.0	1.0
5	intimidated	1	1.0	0.0	1.0
6	idiot	1	1.0	0.0	1.0
7	haunts	1	1.0	0.0	1.0
8	gone	1	1.0	0.0	1.0
9	frighten	1	1.0	0.0	1.0
10	disturbing'	1	1.0	0.0	1.0
11	danger	1	1.0	0.0	1.0
12	accountable	1	1.0	0.0	1.0
13	100%	1	1.0	0.0	1.0
14	'scary	1	1.0	0.0	1.0
15	#terrifying	2	1.0	0.0	1.0
16	#nervous	2	1.0	0.0	1.0
17	#fears	1	1.0	0.0	1.0
18	#terrified	2	0.83335	0.16665000000000002	1.0
19	weary	1	0.6667	0.0	1.0
20	violence	1	0.6667	0.0	1.0
21	unhinged	1	0.6667	0.0	1.0
22	unhappy	1	0.6667	0.0	1.0
23	unattractive	1	0.6667	0.0	1.0
24	thrown	1	0.6667	0.0	1.0
25	terrifying	1	0.6667	0.0	1.0
26	suffering	1	0.6667	0.0	1.0
27	sliced	1	0.6667	0.0	1.0
28	six	1	0.6667	0.0	1.0
29	sick	1	0.6667	0.0	1.0
30	separation	1	0.6667	0.0	1.0
31	screwed	1	0.6667	0.0	1.0
32	screaming	1	0.6667	0.0	1.0
33	robbery	1	0.6667	0.0	1.0
34	pussies	1	0.6667	0.0	1.0
35	profane	1	0.6667	0.0	1.0
36	problems	1	0.6667	0.0	1.0
37	presidencies	1	0.6667	0.0	1.0
38	peep	1	0.6667	0.0	1.0
39	paranoiac	1	0.6667	0.0	1.0
40	nearly	1	0.6667	0.0	1.0
41	murderous	2	0.6667	0.0	1.0
42	murder	1	0.6667	0.0	1.0
43	misogynistic	1	0.6667	0.0	1.0
44	league	1	0.6667	0.0	1.0
45	lacking	1	0.6667	0.0	1.0
46	juxtaposition	1	0.6667	0.0	1.0
47	horrors	1	0.6667	0.0	1.0
48	hells	1	0.6667	0.0	1.0
49	goddamn	1	0.6667	0.0	1.0
50	fuckedthis	1	0.6667	0.0	1.0
51	finger	1	0.6667	0.0	1.0
52	fascist	1	0.6667	0.0	1.0
53	excessive	1	0.6667	0.0	1.0
54	dyyyying	1	0.6667	0.0	1.0
55	discourage	1	0.6667	0.0	1.0
56	dicks	1	0.6667	0.0	1.0
57	destroy	1	0.6667	0.0	1.0
58	deranged	1	0.6667	0.0	1.0
59	cost	1	0.6667	0.0	1.0
60	chilly	1	0.6667	0.0	1.0
61	changes	1	0.6667	0.0	1.0
62	cannot	1	0.6667	0.0	1.0
63	beat	1	0.6667	0.0	1.0
64	asylum	1	0.6667	0.0	1.0
65	assume	1	0.6667	0.0	1.0
66	aggressively	1	0.6667	0.0	1.0
67	acid	1	0.6667	0.0	1.0
68	access	1	0.6667	0.0	1.0
69	'missing'	1	0.6667	0.0	1.0
70	'fear	1	0.6667	0.0	1.0
71	#worry	1	0.6667	0.0	1.0
72	#vengeance	1	0.6667	0.0	1.0
73	#radicalislam	1	0.6667	0.0	1.0
74	#paranoia	1	0.6667	0.0	1.0
75	#horrifying	1	0.6667	0.0	1.0
76	#godhelpus	1	0.6667	0.0	1.0
77	#despair	1	0.6667	0.0	1.0
78	dreadful	2	0.66665	0.33335000000000004	1.0
79	despair	2	0.66665	0.33335000000000004	1.0
80	smashed	3	0.5555666666666667	0.15716626723172994	1.0
81	nervous	2	0.5	0.5	1.0
82	horrific	2	0.5	0.1667	1.0
83	depression	2	0.5	0.5	1.0
84	#saddened	2	0.5	0.1667	1.0
85	#horrific	2	0.5	0.5	1.0
86	#fear	4	0.5	0.3726854504806969	1.0
87	#devastated	2	0.5	0.1667	1.0
88	war	3	0.4444333333333333	0.41574267949725296	1.0
89	wrong	4	0.416675	0.43301751335829364	1.0
90	#sad	4	0.41667499999999996	0.2764029881803017	1.0
91	scare	4	0.41664999999999996	0.36324540258618554	1.0
92	kill	4	0.41664999999999996	0.14436643481086592	1.0
93	horror	10	0.36666999999999994	0.27690311320026717	1.0
94	ya	2	0.33335	0.33335	1.0
95	weeks	2	0.33335	0.33335	1.0
96	tired	2	0.33335	0.33335	1.0
97	rage	2	0.33335	0.33335	1.0
98	offense	2	0.33335	0.33335	1.0
99	mental	2	0.33335	0.33335	1.0
100	loss	2	0.33335	0.33335	1.0
101	imma	2	0.33335	0.33335	1.0
102	holy	2	0.33335	0.33335	1.0
103	haven't	2	0.33335	0.33335	1.0
104	grand	2	0.33335	0.33335	1.0
105	gives	2	0.33335	0.33335	1.0
106	filth	2	0.33335	0.33335	1.0
107	feeling	2	0.33335	0.33335	1.0
108	creepy	2	0.33335	0.33335	1.0
109	anyway	2	0.33335	0.33335	1.0
110	without	3	0.3333333333333333	0.27217913627282714	1.0
111	long	4	0.333325	0.4082482907190182	1.0
112	zombies	1	0.3333	0.0	1.0
113	youcontinue	1	0.3333	0.0	1.0
114	you's	1	0.3333	0.0	1.0
115	yesterday	1	0.3333	0.0	1.0
116	wheezing	1	0.3333	0.0	1.0
117	waited	1	0.3333	0.0	1.0
118	viewpoint	1	0.3333	0.0	1.0
119	unsentimental	1	0.3333	0.0	1.0
120	unofficial	1	0.3333	0.0	1.0
121	unemotional	1	0.3333	0.0	1.0
122	unable	1	0.3333	0.0	1.0
123	twin	1	0.3333	0.0	1.0
124	tub	1	0.3333	0.0	1.0
125	trawl	1	0.3333	0.0	1.0
126	trams	1	0.3333	0.0	1.0
127	tragic	1	0.3333	0.0	1.0
128	toilet	1	0.3333	0.0	1.0
129	tipoftheday:do	1	0.3333	0.0	1.0
130	thriller	1	0.3333	0.0	1.0
131	threat	2	0.3333	0.0	1.0
132	thread	1	0.3333	0.0	1.0
133	thereof	1	0.3333	0.0	1.0
134	therapy	1	0.3333	0.0	1.0
135	thang	1	0.3333	0.0	1.0
136	terrible	2	0.3333	0.0	1.0
137	ten	1	0.3333	0.0	1.0
138	tate	1	0.3333	0.0	1.0
139	tantalizes	1	0.3333	0.0	1.0
140	tactics	1	0.3333	0.0	1.0
141	surprises	1	0.3333	0.0	1.0
142	supernatural	1	0.3333	0.0	1.0
143	superior	1	0.3333	0.0	1.0
144	suicide	1	0.3333	0.0	1.0
145	sudsy	1	0.3333	0.0	1.0
146	sucks	2	0.3333	0.0	1.0
147	struggling	1	0.3333	0.0	1.0
148	stolen	1	0.3333	0.0	1.0
149	sting	1	0.3333	0.0	1.0
150	stall	1	0.3333	0.0	1.0
151	spectacle	2	0.3333	0.0	1.0
152	sorrow	1	0.3333	0.0	1.0
153	slap	1	0.3333	0.0	1.0
154	skip	1	0.3333	0.0	1.0
155	shut	2	0.3333	0.0	1.0
156	shower	1	0.3333	0.0	1.0
157	shoulder'	1	0.3333	0.0	1.0
158	shoot	1	0.3333	0.0	1.0
159	shaming	1	0.3333	0.0	1.0
160	shake	2	0.3333	0.0	1.0
161	severity	1	0.3333	0.0	1.0
162	seriously	1	0.3333	0.0	1.0
163	scope	1	0.3333	0.0	1.0
164	scared	1	0.3333	0.0	1.0
165	ruining	1	0.3333	0.0	1.0
166	ruin	1	0.3333	0.0	1.0
167	rosily	1	0.3333	0.0	1.0
168	roger	1	0.3333	0.0	1.0
169	reviewing	1	0.3333	0.0	1.0
170	reverted	1	0.3333	0.0	1.0
171	rest	2	0.3333	0.0	1.0
172	regret	1	0.3333	0.0	1.0
173	re-closed	1	0.3333	0.0	1.0
174	rangatang	1	0.3333	0.0	1.0
175	pushes	1	0.3333	0.0	1.0
176	punishes	1	0.3333	0.0	1.0
177	problemare	1	0.3333	0.0	1.0
178	presidents	1	0.3333	0.0	1.0
179	pounding	1	0.3333	0.0	1.0
180	potent	1	0.3333	0.0	1.0
181	possess	1	0.3333	0.0	1.0
182	plunger	1	0.3333	0.0	1.0
183	perseverance	1	0.3333	0.0	1.0
184	peace	1	0.3333	0.0	1.0
185	paybacks	1	0.3333	0.0	1.0
186	panic	1	0.3333	0.0	1.0
187	pain	1	0.3333	0.0	1.0
188	outstanding	1	0.3333	0.0	1.0
189	open	1	0.3333	0.0	1.0
190	nicked	1	0.3333	0.0	1.0
191	myopic	1	0.3333	0.0	1.0
192	mosquito	1	0.3333	0.0	1.0
193	mistrust	1	0.3333	0.0	1.0
194	meeting	1	0.3333	0.0	1.0
195	mars	1	0.3333	0.0	1.0
196	main	1	0.3333	0.0	1.0
197	lump	1	0.3333	0.0	1.0
198	literally	1	0.3333	0.0	1.0
199	links	1	0.3333	0.0	1.0
200	lights	1	0.3333	0.0	1.0
201	lifeless	1	0.3333	0.0	1.0
202	laptop	1	0.3333	0.0	1.0
203	knees	1	0.3333	0.0	1.0
204	kidding	1	0.3333	0.0	1.0
205	jesus	1	0.3333	0.0	1.0
206	jennifer	1	0.3333	0.0	1.0
207	intimidate	1	0.3333	0.0	1.0
208	insanity	1	0.3333	0.0	1.0
209	induce	1	0.3333	0.0	1.0
210	implement	1	0.3333	0.0	1.0
211	hurl	1	0.3333	0.0	1.0
212	hug	1	0.3333	0.0	1.0
213	howlers	1	0.3333	0.0	1.0
214	hostility	1	0.3333	0.0	1.0
215	holds	1	0.3333	0.0	1.0
216	hokum	1	0.3333	0.0	1.0
217	hiding	1	0.3333	0.0	1.0
218	hidden	1	0.3333	0.0	1.0
219	hell-	1	0.3333	0.0	1.0
220	heinous	1	0.3333	0.0	1.0
221	headsmack	1	0.3333	0.0	1.0
222	haunt	1	0.3333	0.0	1.0
223	hanging	1	0.3333	0.0	1.0
224	half-hearted	1	0.3333	0.0	1.0
225	grudge	1	0.3333	0.0	1.0
226	gritty	1	0.3333	0.0	1.0
227	grateful	1	0.3333	0.0	1.0
228	gloomy	2	0.3333	0.0	1.0
229	ghosts	1	0.3333	0.0	1.0
230	generals	1	0.3333	0.0	1.0
231	gasbag	1	0.3333	0.0	1.0
232	fury	1	0.3333	0.0	1.0
233	funds	1	0.3333	0.0	1.0
234	fucking	2	0.3333	0.0	1.0
235	fuckin'	1	0.3333	0.0	1.0
236	fuckin	1	0.3333	0.0	1.0
237	frigging	1	0.3333	0.0	1.0
238	flinch	1	0.3333	0.0	1.0
239	fix	1	0.3333	0.0	1.0
240	filthy	1	0.3333	0.0	1.0
241	feedback	1	0.3333	0.0	1.0
242	feckin'	1	0.3333	0.0	1.0
243	fake	1	0.3333	0.0	1.0
244	failing	2	0.3333	0.0	1.0
245	faggot	1	0.3333	0.0	1.0
246	f	1	0.3333	0.0	1.0
247	exploit	1	0.3333	0.0	1.0
248	explained	1	0.3333	0.0	1.0
249	exhausted	1	0.3333	0.0	1.0
250	everytime	1	0.3333	0.0	1.0
251	event	1	0.3333	0.0	1.0
252	estranged	1	0.3333	0.0	1.0
253	esri	1	0.3333	0.0	1.0
254	envelopes	1	0.3333	0.0	1.0
255	enemies	1	0.3333	0.0	1.0
256	emotions	1	0.3333	0.0	1.0
257	edinburgh	1	0.3333	0.0	1.0
258	dog	1	0.3333	0.0	1.0
259	distracted	1	0.3333	0.0	1.0
260	distract	1	0.3333	0.0	1.0
261	dishonesty	1	0.3333	0.0	1.0
262	discounted	1	0.3333	0.0	1.0
263	disappointing	1	0.3333	0.0	1.0
264	died	1	0.3333	0.0	1.0
265	die	1	0.3333	0.0	1.0
266	di	1	0.3333	0.0	1.0
267	deaf	1	0.3333	0.0	1.0
268	deadlink	1	0.3333	0.0	1.0
269	dead	1	0.3333	0.0	1.0
270	dawn	1	0.3333	0.0	1.0
271	dashed	1	0.3333	0.0	1.0
272	dangerous	1	0.3333	0.0	1.0
273	curse	1	0.3333	0.0	1.0
274	crying*	1	0.3333	0.0	1.0
275	critics	1	0.3333	0.0	1.0
276	crap	1	0.3333	0.0	1.0
277	cracker	1	0.3333	0.0	1.0
278	crack	1	0.3333	0.0	1.0
279	cover	1	0.3333	0.0	1.0
280	concern	2	0.3333	0.0	1.0
281	complexities	1	0.3333	0.0	1.0
282	clumsy	2	0.3333	0.0	1.0
283	club	1	0.3333	0.0	1.0
284	clogged	1	0.3333	0.0	1.0
285	chronic	1	0.3333	0.0	1.0
286	chris	1	0.3333	0.0	1.0
287	chip	1	0.3333	0.0	1.0
288	carpenter's	1	0.3333	0.0	1.0
289	career	1	0.3333	0.0	1.0
290	campaign	1	0.3333	0.0	1.0
291	called	1	0.3333	0.0	1.0
292	bully	1	0.3333	0.0	1.0
293	bullied	1	0.3333	0.0	1.0
294	brown	1	0.3333	0.0	1.0
295	boiling	1	0.3333	0.0	1.0
296	bites	1	0.3333	0.0	1.0
297	bang	1	0.3333	0.0	1.0
298	anova	1	0.3333	0.0	1.0
299	annoyed	1	0.3333	0.0	1.0
300	anger	1	0.3333	0.0	1.0
301	alienation	1	0.3333	0.0	1.0
302	ago	1	0.3333	0.0	1.0
303	accuse	1	0.3333	0.0	1.0
304	@kitchenaidusa	1	0.3333	0.0	1.0
305	@keithrothfus	1	0.3333	0.0	1.0
306	9pm	1	0.3333	0.0	1.0
307	6000	1	0.3333	0.0	1.0
308	2the	1	0.3333	0.0	1.0
309	*track*	1	0.3333	0.0	1.0
310	*shrugs*	1	0.3333	0.0	1.0
311	#woke	1	0.3333	0.0	1.0
312	#weary	1	0.3333	0.0	1.0
313	#victimhood	1	0.3333	0.0	1.0
314	#terrorism	1	0.3333	0.0	1.0
315	#sob	1	0.3333	0.0	1.0
316	#shush	1	0.3333	0.0	1.0
317	#shakes	1	0.3333	0.0	1.0
318	#revenge	1	0.3333	0.0	1.0
319	#returnofthemike	1	0.3333	0.0	1.0
320	#psychology	1	0.3333	0.0	1.0
321	#posttruth	1	0.3333	0.0	1.0
322	#outrage	1	0.3333	0.0	1.0
323	#nightmare	1	0.3333	0.0	1.0
324	#mean	1	0.3333	0.0	1.0
325	#lost	1	0.3333	0.0	1.0
326	#koolqueeftribute&#160	1	0.3333	0.0	1.0
327	#jitters	1	0.3333	0.0	1.0
328	#impeachtrump	1	0.3333	0.0	1.0
329	#ignorance	1	0.3333	0.0	1.0
330	#hurting	1	0.3333	0.0	1.0
331	#heartbreaking	2	0.3333	0.0	1.0
332	#heartbeat1000	1	0.3333	0.0	1.0
333	#fuming	1	0.3333	0.0	1.0
334	#fringe	1	0.3333	0.0	1.0
335	#endangered	1	0.3333	0.0	1.0
336	#dreadful	2	0.3333	0.0	1.0
337	#doubt	1	0.3333	0.0	1.0
338	#dissapointed	1	0.3333	0.0	1.0
339	#disheartening	1	0.3333	0.0	1.0
340	#discouraged	1	0.3333	0.0	1.0
341	#disappointment	2	0.3333	0.0	1.0
342	#bullying	1	0.3333	0.0	1.0
343	#bitter	1	0.3333	0.0	1.0
344	#awful	1	0.3333	0.0	1.0
345	hard	5	0.26666	0.249450953896753	1.0
346	leaving	3	0.2222333333333333	0.31428539401138084	1.0
347	call	3	0.2222333333333333	0.31428539401138084	1.0
348	bitter	3	0.2222333333333333	0.31428539401138084	1.0
349	#hatred	3	0.2222333333333333	0.31428539401138084	1.0
350	lost	6	0.22221666666666665	0.2484569675461371	1.0
351	fuck	6	0.22221666666666665	0.2484569675461371	1.0
352	bad	9	0.2222111111111111	0.31426575252463723	1.0
353	worst	4	0.166675	0.2886895683515426	1.0
354	against	4	0.166675	0.2886895683515426	1.0
355	you've	4	0.16665	0.16665	1.0
356	wouldn't	2	0.16665	0.16665	1.0
357	won't	2	0.16665	0.16665	1.0
358	wee	2	0.16665	0.16665	1.0
359	watched	2	0.16665	0.16665	1.0
360	themselves	2	0.16665	0.16665	1.0
361	tf	2	0.16665	0.16665	1.0
362	talk	4	0.16665	0.16665	1.0
363	suffers	2	0.16665	0.16665	1.0
364	stop	2	0.16665	0.16665	1.0
365	she'll	2	0.16665	0.16665	1.0
366	shall	2	0.16665	0.16665	1.0
367	server	2	0.16665	0.16665	1.0
368	sadly	2	0.16665	0.16665	1.0
369	ruins	2	0.16665	0.16665	1.0
370	realise	2	0.16665	0.16665	1.0
371	psychological	2	0.16665	0.16665	1.0
372	placed	2	0.16665	0.16665	1.0
373	pass	2	0.16665	0.16665	1.0
374	night	2	0.16665	0.16665	1.0
375	move	2	0.16665	0.16665	1.0
376	loving	2	0.16665	0.16665	1.0
377	lack	4	0.16665	0.16665	1.0
378	jealousy	2	0.16665	0.16665	1.0
379	humanity	2	0.16665	0.16665	1.0
380	ho	2	0.16665	0.16665	1.0
381	here	2	0.16665	0.16665	1.0
382	grief	2	0.16665	0.16665	1.0
383	fight	2	0.16665	0.16665	1.0
384	example	2	0.16665	0.16665	1.0
385	error	2	0.16665	0.16665	1.0
386	egregious	2	0.16665	0.16665	1.0
387	drink	2	0.16665	0.16665	1.0
388	doe	2	0.16665	0.16665	1.0
389	desperate	2	0.16665	0.16665	1.0
390	dealing	2	0.16665	0.16665	1.0
391	dark	2	0.16665	0.16665	1.0
392	cold	2	0.16665	0.16665	1.0
393	child	2	0.16665	0.16665	1.0
394	cheating	2	0.16665	0.16665	1.0
395	bust	2	0.16665	0.16665	1.0
396	broke	2	0.16665	0.16665	1.0
397	boy	2	0.16665	0.16665	1.0
398	ashamed	2	0.16665	0.16665	1.0
399	article's	2	0.16665	0.16665	1.0
400	archive	2	0.16665	0.16665	1.0
401	achieve	2	0.16665	0.16665	1.0
402	#windturbines	2	0.16665	0.16665	1.0
403	#horror	2	0.16665	0.16665	1.0
404	#anxiety	2	0.16665	0.16665	1.0
405	bitch	36	0.13887500000000003	0.16431911597559185	1.0
406	past	5	0.13332	0.16328298625392665	1.0
407	order	5	0.13332	0.16328298625392665	1.0
408	fine	5	0.13332	0.16328298625392665	1.0
409	end	5	0.13332	0.16328298625392668	1.0
410	hoe	12	0.11110833333333332	0.2078713402497377	1.0
411	you'll	3	0.11109999999999999	0.15711912677965087	1.0
412	yo	3	0.11109999999999999	0.15711912677965087	1.0
413	whole	3	0.11109999999999999	0.15711912677965087	1.0
414	wasn't	3	0.11109999999999999	0.15711912677965087	1.0
415	warning	3	0.11109999999999999	0.15711912677965087	1.0
416	utterly	3	0.11109999999999999	0.15711912677965087	1.0
417	totally	3	0.11109999999999999	0.15711912677965087	1.0
418	source	3	0.11109999999999999	0.15711912677965087	1.0
419	sad	3	0.11109999999999999	0.15711912677965087	1.0
420	related	3	0.11109999999999999	0.15711912677965087	1.0
421	mom	3	0.11109999999999999	0.15711912677965087	1.0
422	miss	3	0.11109999999999999	0.15711912677965087	1.0
423	minutes	3	0.11109999999999999	0.15711912677965087	1.0
424	kid	3	0.11109999999999999	0.15711912677965087	1.0
425	issues	3	0.11109999999999999	0.15711912677965087	1.0
426	horrible	3	0.11109999999999999	0.15711912677965087	1.0
427	heard	3	0.11109999999999999	0.15711912677965087	1.0
428	given	3	0.11109999999999999	0.15711912677965087	1.0
429	future	3	0.11109999999999999	0.15711912677965087	1.0
430	forward	3	0.11109999999999999	0.15711912677965087	1.0
431	feet	3	0.11109999999999999	0.15711912677965087	1.0
432	fear	3	0.11109999999999999	0.15711912677965087	1.0
433	far	3	0.11109999999999999	0.15711912677965087	1.0
434	explain	3	0.11109999999999999	0.15711912677965087	1.0
435	dumb	3	0.11109999999999999	0.15711912677965087	1.0
436	down	6	0.11109999999999999	0.15711912677965087	1.0
437	crying	3	0.11109999999999999	0.15711912677965087	1.0
438	crime	3	0.11109999999999999	0.15711912677965087	1.0
439	couple	3	0.11109999999999999	0.15711912677965087	1.0
440	care	3	0.11109999999999999	0.15711912677965087	1.0
441	again	3	0.11109999999999999	0.15711912677965087	1.0
442	back	11	0.09090909090909091	0.20553006616836755	1.0
443	her	15	0.08888	0.14739080568339397	1.0
444	why	19	0.0877157894736842	0.2379728694469136	1.0
445	world	4	0.083325	0.1443231335406767	1.0
446	used	4	0.083325	0.1443231335406767	1.0
447	trying	4	0.083325	0.1443231335406767	1.0
448	son	4	0.083325	0.1443231335406767	1.0
449	nightmare	4	0.083325	0.1443231335406767	1.0
450	nice	4	0.083325	0.1443231335406767	1.0
451	mean	4	0.083325	0.1443231335406767	1.0
452	late	4	0.083325	0.1443231335406767	1.0
453	isn't	4	0.083325	0.1443231335406767	1.0
454	help	4	0.083325	0.1443231335406767	1.0
455	feel	4	0.083325	0.1443231335406767	1.0
456	came	4	0.083325	0.1443231335406767	1.0
457	bed	4	0.083325	0.1443231335406767	1.0
458	ain't	4	0.083325	0.1443231335406767	1.0
459	don't	25	0.08	0.1950544088196932	1.0
460	up	17	0.0784235294117647	0.14138002824848794	1.0
461	never	13	0.07691538461538462	0.1404276372434399	1.0
462	want	9	0.07406666666666667	0.13856604522352828	1.0
463	can't	9	0.07406666666666667	0.13856604522352828	1.0
464	understand	5	0.06666	0.13332	1.0
465	second	5	0.06666	0.13331999999999997	1.0
466	over	10	0.06666	0.13332	1.0
467	ok	5	0.06666	0.13332	1.0
468	off	10	0.06666	0.13332	1.0
469	may	5	0.06666	0.13332	1.0
470	he's	5	0.06666	0.13331999999999997	1.0
471	out	16	0.0625	0.1755487432310468	1.0
472	problem	11	0.060609090909090904	0.19166277418493258	1.0
473	does	11	0.060599999999999994	0.12855201281971432	1.0
474	ass	11	0.060599999999999994	0.12855201281971435	1.0
475	i'm	40	0.058332499999999995	0.19561182529118734	1.0
476	make	12	0.05555833333333333	0.18426614564416208	1.0
477	same	6	0.055549999999999995	0.12421357615011332	1.0
478	people	6	0.055549999999999995	0.12421357615011332	1.0
479	nigga	6	0.055549999999999995	0.12421357615011332	1.0
480	itself	6	0.055549999999999995	0.12421357615011332	1.0
481	i'd	6	0.055549999999999995	0.12421357615011332	1.0
482	had	6	0.055549999999999995	0.12421357615011332	1.0
483	exactly	6	0.055549999999999995	0.12421357615011332	1.0
484	drama	6	0.055549999999999995	0.12421357615011332	1.0
485	come	6	0.055549999999999995	0.12421357615011332	1.0
486	no	32	0.052084375	0.16893579051923654	1.0
487	pussy	13	0.05128461538461538	0.1776551189855647	1.0
488	see	13	0.051276923076923074	0.12025504405762684	1.0
489	so	34	0.04902058823529412	0.16434934595945622	1.0
490	u	7	0.04761428571428571	0.11663070446709047	1.0
491	sorry	7	0.04761428571428571	0.11663070446709047	1.0
492	show	7	0.04761428571428571	0.11663070446709047	1.0
493	only	14	0.04761428571428571	0.11663070446709044	1.0
494	next	7	0.04761428571428571	0.11663070446709047	1.0
495	hope	7	0.04761428571428571	0.11663070446709047	1.0
496	big	7	0.04761428571428571	0.11663070446709047	1.0
497	best	7	0.04761428571428571	0.11663070446709047	1.0
498	what	44	0.04545227272727272	0.13466662961253004	1.0
499	they	22	0.04545	0.11437999169435184	1.0
500	not	53	0.044022641509433955	0.15910373575955114	1.0
501	where	8	0.0416625	0.1102286139972285	1.0
502	thought	8	0.0416625	0.1102286139972285	1.0
503	sure	8	0.0416625	0.1102286139972285	1.0
504	such	8	0.0416625	0.1102286139972285	1.0
505	she	8	0.0416625	0.1102286139972285	1.0
506	right	8	0.0416625	0.1102286139972285	1.0
507	first	8	0.0416625	0.1102286139972285	1.0
508	find	8	0.0416625	0.1102286139972285	1.0
509	ever	8	0.0416625	0.1102286139972285	1.0
510	article	8	0.0416625	0.1102286139972285	1.0
511	yourself	9	0.037033333333333335	0.10474608451976725	1.0
512	shit	9	0.037033333333333335	0.10474608451976725	1.0
513	page	9	0.037033333333333335	0.10474608451976725	1.0
514	going	9	0.037033333333333335	0.10474608451976725	1.0
515	did	9	0.037033333333333335	0.10474608451976725	1.0
516	wish	10	0.03333	0.09998999999999998	1.0
517	now	10	0.03333	0.09999	1.0
518	got	10	0.03333	0.09998999999999998	1.0
519	just	21	0.03174285714285714	0.09783805653283618	1.0
520	at	32	0.031246875	0.09715048244982818	1.0
521	your	43	0.031006976744186045	0.1205920537999794	1.0
522	today	11	0.030299999999999997	0.09581701310310188	1.0
523	them	11	0.030299999999999997	0.09581701310310188	1.0
524	should	11	0.030299999999999997	0.09581701310310188	1.0
525	most	11	0.030299999999999997	0.09581701310310188	1.0
526	look	11	0.030299999999999997	0.09581701310310188	1.0
527	keep	11	0.030299999999999997	0.09581701310310188	1.0
528	very	12	0.027774999999999998	0.09211925355212124	1.0
529	i've	12	0.027774999999999998	0.09211925355212124	1.0
530	<url>	12	0.027774999999999998	0.09211925355212124	1.0
531	me	39	0.025638461538461537	0.0888142360250318	1.0
532	can	26	0.025638461538461537	0.0888142360250318	1.0
533	by	26	0.025638461538461537	0.0888142360250318	1.0
534	on	71	0.02347183098591549	0.08527739687498821	1.0
535	if	29	0.022986206896551724	0.08445671702789309	1.0
536	work	15	0.02222	0.08313962713411698	1.0
537	still	15	0.02222	0.08313962713411699	1.0
538	good	15	0.02222	0.08313962713411698	1.0
539	get	15	0.02222	0.08313962713411698	1.0
540	do	31	0.02150322580645161	0.08188184439304648	1.0
541	has	16	0.02083125	0.08067908433068324	1.0
542	will	17	0.019605882352941174	0.07842352941176468	1.0
543	need	17	0.019605882352941174	0.0784235294117647	1.0
544	movie	17	0.019605882352941174	0.07842352941176468	1.0
545	a	271	0.01844870848708487	0.08141752209589809	1.0
546	my	56	0.01785535714285714	0.07504916226724524	1.0
547	its	19	0.017542105263157894	0.07442484952720303	1.0
548	how	19	0.017542105263157894	0.07442484952720303	1.0
549	with	58	0.017239655172413795	0.07381579342188081	1.0
550	to	195	0.017092307692307695	0.07351679516680276	1.0
551	hoes	20	0.016665	0.07264105089410532	1.0
552	be	45	0.014813333333333333	0.06868660098997151	1.0
553	of	164	0.014226829268292681	0.07677728727407587	1.0
554	it	97	0.013744329896907216	0.06627275873482374	1.0
555	the	319	0.013582758620689656	0.06589872621324286	1.0
556	you	198	0.013466666666666667	0.065628415255047	1.0
557	like	27	0.012344444444444444	0.06294456310668427	1.0
558	an	55	0.012119999999999999	0.0623915186543812	1.0
559	or	30	0.01111	0.059829181007264344	1.0
560	and	184	0.010868478260869565	0.059197466032262155	1.0
561	in	93	0.010752688172043012	0.0765397564715927	1.0
562	it's	31	0.010751612903225806	0.05888900916660383	1.0
563	for	99	0.0101	0.057134227919873035	1.0
564	is	134	0.009949253731343283	0.05671947301276755	1.0
565	as	43	0.007751162790697674	0.050233276157659074	1.0
566	have	52	0.006409615384615384	0.04577380952371792	1.0
567	i	162	0.006172222222222222	0.04493445603883697	1.0
568	are	56	0.005951785714285714	0.044139624209803295	1.0
569	that	93	0.0035838709677419355	0.03437528272516407	1.0
570	~	1	0.0	0.0	1.0
571	|	8	0.0	0.0	1.0
572	zora	1	0.0	0.0	1.0
573	zig	1	0.0	0.0	1.0
574	zag	1	0.0	0.0	1.0
575	yup	1	0.0	0.0	1.0
576	yrs	1	0.0	0.0	1.0
577	yourselves	1	0.0	0.0	1.0
578	yours	1	0.0	0.0	1.0
579	young	6	0.0	0.0	1.0
580	you're	10	0.0	0.0	1.0
581	you'd	3	0.0	0.0	1.0
582	yet	3	0.0	0.0	1.0
583	yes	4	0.0	0.0	1.0
584	yer	1	0.0	0.0	1.0
585	years	2	0.0	0.0	1.0
586	year	5	0.0	0.0	1.0
587	yeah	5	0.0	0.0	1.0
588	yawns	1	0.0	0.0	1.0
589	yass	1	0.0	0.0	1.0
590	yard	1	0.0	0.0	1.0
591	yankees	1	0.0	0.0	1.0
592	yall	1	0.0	0.0	1.0
593	y	1	0.0	0.0	1.0
594	xx	1	0.0	0.0	1.0
595	x	2	0.0	0.0	1.0
596	wwii-era	1	0.0	0.0	1.0
597	wrote	1	0.0	0.0	1.0
598	written	1	0.0	0.0	1.0
599	writhing	1	0.0	0.0	1.0
600	write	3	0.0	0.0	1.0
601	wretched	1	0.0	0.0	1.0
602	wow	2	0.0	0.0	1.0
603	would-be	1	0.0	0.0	1.0
604	would've	1	0.0	0.0	1.0
605	would	22	0.0	0.0	1.0
606	worried	1	0.0	0.0	1.0
607	works	2	0.0	0.0	1.0
608	working	5	0.0	0.0	1.0
609	worked	1	0.0	0.0	1.0
610	words1	1	0.0	0.0	1.0
611	words&gt	1	0.0	0.0	1.0
612	words	3	0.0	0.0	1.0
613	word	1	0.0	0.0	1.0
614	wooster	1	0.0	0.0	1.0
615	wonderfully	1	0.0	0.0	1.0
616	wonderful	1	0.0	0.0	1.0
617	wonder	1	0.0	0.0	1.0
618	won	1	0.0	0.0	1.0
619	women's	1	0.0	0.0	1.0
620	women	5	0.0	0.0	1.0
621	woman	1	0.0	0.0	1.0
622	wolf	1	0.0	0.0	1.0
623	woke	1	0.0	0.0	1.0
624	withstand	1	0.0	0.0	1.0
625	within	1	0.0	0.0	1.0
626	withering	1	0.0	0.0	1.0
627	wit	4	0.0	0.0	1.0
628	wishing	1	0.0	0.0	1.0
629	wiser	1	0.0	0.0	1.0
630	wisdom	1	0.0	0.0	1.0
631	winter	1	0.0	0.0	1.0
632	wins	1	0.0	0.0	1.0
633	window	3	0.0	0.0	1.0
634	win	1	0.0	0.0	1.0
635	willis	1	0.0	0.0	1.0
636	wild	1	0.0	0.0	1.0
637	wikipedia	1	0.0	0.0	1.0
638	wiki''	1	0.0	0.0	1.0
639	wiki	1	0.0	0.0	1.0
640	wife	1	0.0	0.0	1.0
641	whose	2	0.0	0.0	1.0
642	who's	1	0.0	0.0	1.0
643	who	16	0.0	0.0	1.0
644	whites&#8221	1	0.0	0.0	1.0
645	white	2	0.0	0.0	1.0
646	whine	1	0.0	0.0	1.0
647	while	5	0.0	0.0	1.0
648	which	11	0.0	0.0	1.0
649	whether	1	0.0	0.0	1.0
650	whenever	1	0.0	0.0	1.0
651	when	15	0.0	0.0	1.0
652	what's	2	0.0	0.0	1.0
653	wh	1	0.0	0.0	1.0
654	weren't	1	0.0	0.0	1.0
655	were	5	0.0	0.0	1.0
656	went	3	0.0	0.0	1.0
657	well-established	1	0.0	0.0	1.0
658	well-acted	1	0.0	0.0	1.0
659	well	11	0.0	0.0	1.0
660	welcome	1	0.0	0.0	1.0
661	weirdly	1	0.0	0.0	1.0
662	weight	1	0.0	0.0	1.0
663	weekend	1	0.0	0.0	1.0
664	week	1	0.0	0.0	1.0
665	wedding	1	0.0	0.0	1.0
666	website	1	0.0	0.0	1.0
667	weaves	1	0.0	0.0	1.0
668	weather	3	0.0	0.0	1.0
669	wearing	2	0.0	0.0	1.0
670	weak	1	0.0	0.0	1.0
671	we're	2	0.0	0.0	1.0
672	we	16	0.0	0.0	1.0
673	ways	2	0.0	0.0	1.0
674	way	6	0.0	0.0	1.0
675	waved	1	0.0	0.0	1.0
676	watching	5	0.0	0.0	1.0
677	watch	3	0.0	0.0	1.0
678	washed	1	0.0	0.0	1.0
679	was	28	0.0	0.0	1.0
680	warm	1	0.0	0.0	1.0
681	wanted	2	0.0	0.0	1.0
682	wandered	1	0.0	0.0	1.0
683	walls	1	0.0	0.0	1.0
684	walking	1	0.0	0.0	1.0
685	walk	1	0.0	0.0	1.0
686	wait	5	0.0	0.0	1.0
687	wailing	1	0.0	0.0	1.0
688	wacky	1	0.0	0.0	1.0
689	w/family	1	0.0	0.0	1.0
690	w	1	0.0	0.0	1.0
691	vs	1	0.0	0.0	1.0
692	votes	1	0.0	0.0	1.0
693	vote	1	0.0	0.0	1.0
694	vonn	1	0.0	0.0	1.0
695	vitara	1	0.0	0.0	1.0
696	vitality	1	0.0	0.0	1.0
697	vision	1	0.0	0.0	1.0
698	visible	1	0.0	0.0	1.0
699	virtually	1	0.0	0.0	1.0
700	villa	1	0.0	0.0	1.0
701	viewers	1	0.0	0.0	1.0
702	view	3	0.0	0.0	1.0
703	video	4	0.0	0.0	1.0
704	via	1	0.0	0.0	1.0
705	verify	1	0.0	0.0	1.0
706	variable	1	0.0	0.0	1.0
707	vandalized	1	0.0	0.0	1.0
708	vampire	1	0.0	0.0	1.0
709	values	1	0.0	0.0	1.0
710	valued	1	0.0	0.0	1.0
711	value	3	0.0	0.0	1.0
712	valid	1	0.0	0.0	1.0
713	utter	1	0.0	0.0	1.0
714	usually	1	0.0	0.0	1.0
715	using	10	0.0	0.0	1.0
716	usin	1	0.0	0.0	1.0
717	uses	1	0.0	0.0	1.0
718	users'	1	0.0	0.0	1.0
719	user	5	0.0	0.0	1.0
720	use	4	0.0	0.0	1.0
721	us	11	0.0	0.0	1.0
722	urself	1	0.0	0.0	1.0
723	urgency	1	0.0	0.0	1.0
724	uprooting	1	0.0	0.0	1.0
725	upgraded	1	0.0	0.0	1.0
726	upcoming	1	0.0	0.0	1.0
727	unturned	1	0.0	0.0	1.0
728	until	1	0.0	0.0	1.0
729	unnie	1	0.0	0.0	1.0
730	unnecessary	1	0.0	0.0	1.0
731	unlikely	1	0.0	0.0	1.0
732	unknowable	1	0.0	0.0	1.0
733	unique	1	0.0	0.0	1.0
734	unintentional	1	0.0	0.0	1.0
735	unfortunate	1	0.0	0.0	1.0
736	unessential	1	0.0	0.0	1.0
737	undoing	1	0.0	0.0	1.0
738	undid	1	0.0	0.0	1.0
739	undertaking	1	0.0	0.0	1.0
740	understanding	1	0.0	0.0	1.0
741	undermine	1	0.0	0.0	1.0
742	unclassifiably	1	0.0	0.0	1.0
743	ummm	1	0.0	0.0	1.0
744	ultimately	1	0.0	0.0	1.0
745	ugly	3	0.0	0.0	1.0
746	uchiha	1	0.0	0.0	1.0
747	two	4	0.0	0.0	1.0
748	twists	1	0.0	0.0	1.0
749	twisted	1	0.0	0.0	1.0
750	twice	1	0.0	0.0	1.0
751	tweeting	1	0.0	0.0	1.0
752	tweet	5	0.0	0.0	1.0
753	tv	3	0.0	0.0	1.0
754	turning	1	0.0	0.0	1.0
755	turned	2	0.0	0.0	1.0
756	turn	5	0.0	0.0	1.0
757	turkey	1	0.0	0.0	1.0
758	tuh	1	0.0	0.0	1.0
759	tuesday	2	0.0	0.0	1.0
760	try	1	0.0	0.0	1.0
761	truth	1	0.0	0.0	1.0
762	trust	3	0.0	0.0	1.0
763	trumps	1	0.0	0.0	1.0
764	trumpno	1	0.0	0.0	1.0
765	trump	3	0.0	0.0	1.0
766	true	3	0.0	0.0	1.0
767	troye's	1	0.0	0.0	1.0
768	trouble	2	0.0	0.0	1.0
769	trivial	2	0.0	0.0	1.0
770	triple-espresso	1	0.0	0.0	1.0
771	trip	1	0.0	0.0	1.0
772	tried	4	0.0	0.0	1.0
773	trick	2	0.0	0.0	1.0
774	tremendous	1	0.0	0.0	1.0
775	tree	1	0.0	0.0	1.0
776	treating	1	0.0	0.0	1.0
777	treasures	1	0.0	0.0	1.0
778	trash	1	0.0	0.0	1.0
779	translucent	1	0.0	0.0	1.0
780	transcript	1	0.0	0.0	1.0
781	transcends	1	0.0	0.0	1.0
782	trains	1	0.0	0.0	1.0
783	track	1	0.0	0.0	1.0
784	tournament	2	0.0	0.0	1.0
785	tour	1	0.0	0.0	1.0
786	touches	1	0.0	0.0	1.0
787	total	1	0.0	0.0	1.0
788	topic-banned	1	0.0	0.0	1.0
789	topic	1	0.0	0.0	1.0
790	topcoder	1	0.0	0.0	1.0
791	top	2	0.0	0.0	1.0
792	tooth	1	0.0	0.0	1.0
793	took	3	0.0	0.0	1.0
794	too	8	0.0	0.0	1.0
795	tony	1	0.0	0.0	1.0
796	tons	1	0.0	0.0	1.0
797	tonight	2	0.0	0.0	1.0
798	tongue	1	0.0	0.0	1.0
799	tomorrow	1	0.0	0.0	1.0
800	told	3	0.0	0.0	1.0
801	together	1	0.0	0.0	1.0
802	toe	1	0.0	0.0	1.0
803	todd	1	0.0	0.0	1.0
804	today:	1	0.0	0.0	1.0
805	title	1	0.0	0.0	1.0
806	tips	1	0.0	0.0	1.0
807	tiny	1	0.0	0.0	1.0
808	ting	1	0.0	0.0	1.0
809	times	1	0.0	0.0	1.0
810	timer	1	0.0	0.0	1.0
811	time	14	0.0	0.0	1.0
812	till	1	0.0	0.0	1.0
813	tight	1	0.0	0.0	1.0
814	tickets	1	0.0	0.0	1.0
815	tic	1	0.0	0.0	1.0
816	thunder	1	0.0	0.0	1.0
817	thug	1	0.0	0.0	1.0
818	throws	1	0.0	0.0	1.0
819	throw	2	0.0	0.0	1.0
820	through	5	0.0	0.0	1.0
821	throttling	1	0.0	0.0	1.0
822	throats	1	0.0	0.0	1.0
823	throat	1	0.0	0.0	1.0
824	thrills	1	0.0	0.0	1.0
825	thriller-noir	1	0.0	0.0	1.0
826	three	2	0.0	0.0	1.0
827	thoughts	1	0.0	0.0	1.0
828	though	2	0.0	0.0	1.0
829	thot	1	0.0	0.0	1.0
830	those	9	0.0	0.0	1.0
831	thornberrys	1	0.0	0.0	1.0
832	this	59	0.0	0.0	1.0
833	thinks	1	0.0	0.0	1.0
834	thinking	3	0.0	0.0	1.0
835	thinkin	1	0.0	0.0	1.0
836	think	12	0.0	0.0	1.0
837	things	3	0.0	0.0	1.0
838	thing	5	0.0	0.0	1.0
839	thigh	1	0.0	0.0	1.0
840	thick	1	0.0	0.0	1.0
841	they're	2	0.0	0.0	1.0
842	these	11	0.0	0.0	1.0
843	there's	7	0.0	0.0	1.0
844	there	14	0.0	0.0	1.0
845	theoretical	1	0.0	0.0	1.0
846	theorem	1	0.0	0.0	1.0
847	then	6	0.0	0.0	1.0
848	theme_name	1	0.0	0.0	1.0
849	theme	1	0.0	0.0	1.0
850	theirs	1	0.0	0.0	1.0
851	their	7	0.0	0.0	1.0
852	theater	1	0.0	0.0	1.0
853	the-blanks	1	0.0	0.0	1.0
854	that's	9	0.0	0.0	1.0
855	thanks	13	0.0	0.0	1.0
856	thank	5	0.0	0.0	1.0
857	than	14	0.0	0.0	1.0
858	tgt	1	0.0	0.0	1.0
859	text	5	0.0	0.0	1.0
860	texas	1	0.0	0.0	1.0
861	testing	1	0.0	0.0	1.0
862	test	2	0.0	0.0	1.0
863	terrorism	1	0.0	0.0	1.0
864	terror	1	0.0	0.0	1.0
865	terrific	1	0.0	0.0	1.0
866	terms:	1	0.0	0.0	1.0
867	tender	1	0.0	0.0	1.0
868	tendency	1	0.0	0.0	1.0
869	tempora	1	0.0	0.0	1.0
870	templates	1	0.0	0.0	1.0
871	temper	1	0.0	0.0	1.0
872	tell	3	0.0	0.0	1.0
873	television	1	0.0	0.0	1.0
874	telegraphing	1	0.0	0.0	1.0
875	teeth	1	0.0	0.0	1.0
876	teens	1	0.0	0.0	1.0
877	tedious	1	0.0	0.0	1.0
878	technology	1	0.0	0.0	1.0
879	technique	1	0.0	0.0	1.0
880	teasing	1	0.0	0.0	1.0
881	tears	2	0.0	0.0	1.0
882	team	2	0.0	0.0	1.0
883	tea	1	0.0	0.0	1.0
884	taylor	1	0.0	0.0	1.0
885	tantrums	1	0.0	0.0	1.0
886	tanner	1	0.0	0.0	1.0
887	talking	3	0.0	0.0	1.0
888	talked	1	0.0	0.0	1.0
889	talent	1	0.0	0.0	1.0
890	tale	1	0.0	0.0	1.0
891	taking	3	0.0	0.0	1.0
892	takes	1	0.0	0.0	1.0
893	taken	1	0.0	0.0	1.0
894	take	7	0.0	0.0	1.0
895	tailored	1	0.0	0.0	1.0
896	tailor	2	0.0	0.0	1.0
897	tags	1	0.0	0.0	1.0
898	tacs	1	0.0	0.0	1.0
899	system	1	0.0	0.0	1.0
900	synonyms:	1	0.0	0.0	1.0
901	sworn	1	0.0	0.0	1.0
902	swing	1	0.0	0.0	1.0
903	swimfan	1	0.0	0.0	1.0
904	swerve	1	0.0	0.0	1.0
905	sweetness	1	0.0	0.0	1.0
906	sweet	3	0.0	0.0	1.0
907	sweep	1	0.0	0.0	1.0
908	swear	1	0.0	0.0	1.0
909	swap	4	0.0	0.0	1.0
910	suspiciously	1	0.0	0.0	1.0
911	surprise	1	0.0	0.0	1.0
912	sure)	1	0.0	0.0	1.0
913	suppose	1	0.0	0.0	1.0
914	support	2	0.0	0.0	1.0
915	superstars	1	0.0	0.0	1.0
916	sun	1	0.0	0.0	1.0
917	summary	1	0.0	0.0	1.0
918	sum	1	0.0	0.0	1.0
919	suit	1	0.0	0.0	1.0
920	suggestions	1	0.0	0.0	1.0
921	suggestion	1	0.0	0.0	1.0
922	suggest	1	0.0	0.0	1.0
923	sudden	1	0.0	0.0	1.0
924	succession	1	0.0	0.0	1.0
925	success	1	0.0	0.0	1.0
926	subtly	2	0.0	0.0	1.0
927	subcategory	1	0.0	0.0	1.0
928	stupid	1	0.0	0.0	1.0
929	stumbling	1	0.0	0.0	1.0
930	study	1	0.0	0.0	1.0
931	studio	2	0.0	0.0	1.0
932	struggle	1	0.0	0.0	1.0
933	strongly	1	0.0	0.0	1.0
934	strong	2	0.0	0.0	1.0
935	striving	1	0.0	0.0	1.0
936	string-to-int	1	0.0	0.0	1.0
937	strike	1	0.0	0.0	1.0
938	stretches	1	0.0	0.0	1.0
939	stretched	1	0.0	0.0	1.0
940	stretch	1	0.0	0.0	1.0
941	strength	1	0.0	0.0	1.0
942	street	1	0.0	0.0	1.0
943	strangely	1	0.0	0.0	1.0
944	strange	2	0.0	0.0	1.0
945	straight	1	0.0	0.0	1.0
946	strafings	1	0.0	0.0	1.0
947	storyline	1	0.0	0.0	1.0
948	story#amwriting	1	0.0	0.0	1.0
949	story	6	0.0	0.0	1.0
950	stories	1	0.0	0.0	1.0
951	stoic	1	0.0	0.0	1.0
952	stodgy	1	0.0	0.0	1.0
953	stirred	1	0.0	0.0	1.0
954	stigma	1	0.0	0.0	1.0
955	stiffness	1	0.0	0.0	1.0
956	sticky	1	0.0	0.0	1.0
957	sticker	1	0.0	0.0	1.0
958	stick	1	0.0	0.0	1.0
959	stevenfurtick	1	0.0	0.0	1.0
960	stereotypes	1	0.0	0.0	1.0
961	stepping	1	0.0	0.0	1.0
962	step	1	0.0	0.0	1.0
963	stealing	1	0.0	0.0	1.0
964	steal	1	0.0	0.0	1.0
965	stays	1	0.0	0.0	1.0
966	stayed	1	0.0	0.0	1.0
967	stay	2	0.0	0.0	1.0
968	statistics	1	0.0	0.0	1.0
969	statistical	1	0.0	0.0	1.0
970	state	3	0.0	0.0	1.0
971	started	1	0.0	0.0	1.0
972	start	6	0.0	0.0	1.0
973	stars	2	0.0	0.0	1.0
974	stank	1	0.0	0.0	1.0
975	stands	1	0.0	0.0	1.0
976	standing	1	0.0	0.0	1.0
977	standards	1	0.0	0.0	1.0
978	standard	1	0.0	0.0	1.0
979	stand	2	0.0	0.0	1.0
980	stage	2	0.0	0.0	1.0
981	src=url	1	0.0	0.0	1.0
982	squeal	1	0.0	0.0	1.0
983	squares	1	0.0	0.0	1.0
984	spreading	1	0.0	0.0	1.0
985	spread	1	0.0	0.0	1.0
986	sports	1	0.0	0.0	1.0
987	spod-attacks	1	0.0	0.0	1.0
988	spent	2	0.0	0.0	1.0
989	spending	1	0.0	0.0	1.0
990	spellbinding	1	0.0	0.0	1.0
991	speedy	1	0.0	0.0	1.0
992	speed	1	0.0	0.0	1.0
993	speech	1	0.0	0.0	1.0
994	specifying	1	0.0	0.0	1.0
995	specify	1	0.0	0.0	1.0
996	special	4	0.0	0.0	1.0
997	speaking	1	0.0	0.0	1.0
998	speak	1	0.0	0.0	1.0
999	spanish	1	0.0	0.0	1.0
1000	space	1	0.0	0.0	1.0
1001	south	1	0.0	0.0	1.0
1002	sources	1	0.0	0.0	1.0
1003	sounds	3	0.0	0.0	1.0
1004	sound	1	0.0	0.0	1.0
1005	soul'	1	0.0	0.0	1.0
1006	sordid	1	0.0	0.0	1.0
1007	sooooo	1	0.0	0.0	1.0
1008	soooo	1	0.0	0.0	1.0
1009	song	1	0.0	0.0	1.0
1010	somewhere	1	0.0	0.0	1.0
1011	sometimes	1	0.0	0.0	1.0
1012	sometime	1	0.0	0.0	1.0
1013	something	9	0.0	0.0	1.0
1014	someone's	1	0.0	0.0	1.0
1015	someone	2	0.0	0.0	1.0
1016	some	19	0.0	0.0	1.0
1017	somber	1	0.0	0.0	1.0
1018	solved	1	0.0	0.0	1.0
1019	solve	2	0.0	0.0	1.0
1020	solution	1	0.0	0.0	1.0
1021	solid	2	0.0	0.0	1.0
1022	software	1	0.0	0.0	1.0
1023	soft	1	0.0	0.0	1.0
1024	social	2	0.0	0.0	1.0
1025	snowflake	1	0.0	0.0	1.0
1026	snack	1	0.0	0.0	1.0
1027	smoking	1	0.0	0.0	1.0
1028	sml	1	0.0	0.0	1.0
1029	smiling	1	0.0	0.0	1.0
1030	smiles	1	0.0	0.0	1.0
1031	smile	2	0.0	0.0	1.0
1032	smell	1	0.0	0.0	1.0
1033	smart	2	0.0	0.0	1.0
1034	small	1	0.0	0.0	1.0
1035	slowly	2	0.0	0.0	1.0
1036	sloppily	1	0.0	0.0	1.0
1037	slinky	1	0.0	0.0	1.0
1038	slimebag	1	0.0	0.0	1.0
1039	sliding	1	0.0	0.0	1.0
1040	slick	1	0.0	0.0	1.0
1041	sleep	2	0.0	0.0	1.0
1042	slapping	1	0.0	0.0	1.0
1043	slang	1	0.0	0.0	1.0
1044	skinny	1	0.0	0.0	1.0
1045	skin	1	0.0	0.0	1.0
1046	skid	1	0.0	0.0	1.0
1047	ski	1	0.0	0.0	1.0
1048	sketch	1	0.0	0.0	1.0
1049	skank	1	0.0	0.0	1.0
1050	sitting	1	0.0	0.0	1.0
1051	sit	5	0.0	0.0	1.0
1052	sis	1	0.0	0.0	1.0
1053	singing	1	0.0	0.0	1.0
1054	singers	2	0.0	0.0	1.0
1055	since	2	0.0	0.0	1.0
1056	simply	4	0.0	0.0	1.0
1057	simplistic	1	0.0	0.0	1.0
1058	simple	1	0.0	0.0	1.0
1059	similar	1	0.0	0.0	1.0
1060	silence=complicity	1	0.0	0.0	1.0
1061	signs	2	0.0	0.0	1.0
1062	sign	1	0.0	0.0	1.0
1063	sideline	1	0.0	0.0	1.0
1064	side:	2	0.0	0.0	1.0
1065	side)	1	0.0	0.0	1.0
1066	side	1	0.0	0.0	1.0
1067	shyamalan	1	0.0	0.0	1.0
1068	shy	1	0.0	0.0	1.0
1069	shows	2	0.0	0.0	1.0
1070	shout	1	0.0	0.0	1.0
1071	short	1	0.0	0.0	1.0
1072	shopping	1	0.0	0.0	1.0
1073	shocking	2	0.0	0.0	1.0
1074	shitted	1	0.0	0.0	1.0
1075	shirt	1	0.0	0.0	1.0
1076	shine	1	0.0	0.0	1.0
1077	shell	1	0.0	0.0	1.0
1078	sheep	1	0.0	0.0	1.0
1079	she's	5	0.0	0.0	1.0
1080	she'd	1	0.0	0.0	1.0
1081	shark	2	0.0	0.0	1.0
1082	sharing	1	0.0	0.0	1.0
1083	share	2	0.0	0.0	1.0
1084	shameless	1	0.0	0.0	1.0
1085	shame	1	0.0	0.0	1.0
1086	sham	1	0.0	0.0	1.0
1087	sexy	1	0.0	0.0	1.0
1088	sexual	1	0.0	0.0	1.0
1089	sex	2	0.0	0.0	1.0
1090	settle	1	0.0	0.0	1.0
1091	settings	1	0.0	0.0	1.0
1092	setting	1	0.0	0.0	1.0
1093	set	2	0.0	0.0	1.0
1094	service	1	0.0	0.0	1.0
1095	serious	2	0.0	0.0	1.0
1096	series	2	0.0	0.0	1.0
1097	sequels	1	0.0	0.0	1.0
1098	sequel	1	0.0	0.0	1.0
1099	separate	1	0.0	0.0	1.0
1100	sentimentality	2	0.0	0.0	1.0
1101	sentences	1	0.0	0.0	1.0
1102	sentence	2	0.0	0.0	1.0
1103	sense	4	0.0	0.0	1.0
1104	sending	1	0.0	0.0	1.0
1105	self	1	0.0	0.0	1.0
1106	select	1	0.0	0.0	1.0
1107	segment	1	0.0	0.0	1.0
1108	seen	3	0.0	0.0	1.0
1109	seems	4	0.0	0.0	1.0
1110	seem	2	0.0	0.0	1.0
1111	seeking	1	0.0	0.0	1.0
1112	seeing	3	0.0	0.0	1.0
1113	security	1	0.0	0.0	1.0
1114	secured	1	0.0	0.0	1.0
1115	section	3	0.0	0.0	1.0
1116	seconds	1	0.0	0.0	1.0
1117	sebestian	1	0.0	0.0	1.0
1118	searching	2	0.0	0.0	1.0
1119	search	3	0.0	0.0	1.0
1120	sde	1	0.0	0.0	1.0
1121	scrotus	1	0.0	0.0	1.0
1122	screen	1	0.0	0.0	1.0
1123	school	4	0.0	0.0	1.0
1124	scenes	2	0.0	0.0	1.0
1125	scene	1	0.0	0.0	1.0
1126	scan	1	0.0	0.0	1.0
1127	says	2	0.0	0.0	1.0
1128	saying	5	0.0	0.0	1.0
1129	say	6	0.0	0.0	1.0
1130	saw	1	0.0	0.0	1.0
1131	satisfaction	1	0.0	0.0	1.0
1132	satirical	1	0.0	0.0	1.0
1133	sasuke	1	0.0	0.0	1.0
1134	sank	1	0.0	0.0	1.0
1135	salebut	1	0.0	0.0	1.0
1136	sakuras	1	0.0	0.0	1.0
1137	said	10	0.0	0.0	1.0
1138	sai	1	0.0	0.0	1.0
1139	saccharine	1	0.0	0.0	1.0
1140	russian	1	0.0	0.0	1.0
1141	russia	1	0.0	0.0	1.0
1142	rural	1	0.0	0.0	1.0
1143	running	1	0.0	0.0	1.0
1144	runnable	1	0.0	0.0	1.0
1145	run	1	0.0	0.0	1.0
1146	rumor	1	0.0	0.0	1.0
1147	rue	1	0.0	0.0	1.0
1148	rt@gxdlyvisuals:	1	0.0	0.0	1.0
1149	rt	16	0.0	0.0	1.0
1150	rq	3	0.0	0.0	1.0
1151	row	2	0.0	0.0	1.0
1152	rotting	1	0.0	0.0	1.0
1153	rote	1	0.0	0.0	1.0
1154	rootlessness	1	0.0	0.0	1.0
1155	root	1	0.0	0.0	1.0
1156	room	1	0.0	0.0	1.0
1157	roof	1	0.0	0.0	1.0
1158	romance	1	0.0	0.0	1.0
1159	rollback	1	0.0	0.0	1.0
1160	roll	2	0.0	0.0	1.0
1161	roland's	1	0.0	0.0	1.0
1162	rock	1	0.0	0.0	1.0
1163	robotics	1	0.0	0.0	1.0
1164	roberto	1	0.0	0.0	1.0
1165	robert	1	0.0	0.0	1.0
1166	roast	1	0.0	0.0	1.0
1167	roam	1	0.0	0.0	1.0
1168	road	1	0.0	0.0	1.0
1169	riveting	1	0.0	0.0	1.0
1170	riveted	1	0.0	0.0	1.0
1171	riot	1	0.0	0.0	1.0
1172	rio	1	0.0	0.0	1.0
1173	rights	2	0.0	0.0	1.0
1174	righteous	1	0.0	0.0	1.0
1175	ride	1	0.0	0.0	1.0
1176	rich	1	0.0	0.0	1.0
1177	ribbons	1	0.0	0.0	1.0
1178	rewarding	1	0.0	0.0	1.0
1179	reveals	1	0.0	0.0	1.0
1180	revealing	1	0.0	0.0	1.0
1181	retweets	1	0.0	0.0	1.0
1182	retweeting	1	0.0	0.0	1.0
1183	returns	1	0.0	0.0	1.0
1184	return	1	0.0	0.0	1.0
1185	retag	1	0.0	0.0	1.0
1186	results	1	0.0	0.0	1.0
1187	restorations	1	0.0	0.0	1.0
1188	responses	1	0.0	0.0	1.0
1189	response	1	0.0	0.0	1.0
1190	responding	1	0.0	0.0	1.0
1191	responded	1	0.0	0.0	1.0
1192	resolve	1	0.0	0.0	1.0
1193	residents	1	0.0	0.0	1.0
1194	requests	1	0.0	0.0	1.0
1195	report	1	0.0	0.0	1.0
1196	replies	1	0.0	0.0	1.0
1197	replacing	1	0.0	0.0	1.0
1198	removing	1	0.0	0.0	1.0
1199	reminiscent	1	0.0	0.0	1.0
1200	remind	1	0.0	0.0	1.0
1201	remembers	1	0.0	0.0	1.0
1202	remember	1	0.0	0.0	1.0
1203	remarkably	1	0.0	0.0	1.0
1204	remarkable	1	0.0	0.0	1.0
1205	remains	1	0.0	0.0	1.0
1206	reliable	1	0.0	0.0	1.0
1207	relentless	1	0.0	0.0	1.0
1208	rejoice	1	0.0	0.0	1.0
1209	rejected	1	0.0	0.0	1.0
1210	regular	1	0.0	0.0	1.0
1211	regression	1	0.0	0.0	1.0
1212	regard	1	0.0	0.0	1.0
1213	refuting	1	0.0	0.0	1.0
1214	refugee	1	0.0	0.0	1.0
1215	refrigerator	1	0.0	0.0	1.0
1216	refreshingly	1	0.0	0.0	1.0
1217	refreshing	1	0.0	0.0	1.0
1218	reflection	1	0.0	0.0	1.0
1219	referring	3	0.0	0.0	1.0
1220	referrence	1	0.0	0.0	1.0
1221	referential	1	0.0	0.0	1.0
1222	referencing	1	0.0	0.0	1.0
1223	references	1	0.0	0.0	1.0
1224	redundant	1	0.0	0.0	1.0
1225	redirect	1	0.0	0.0	1.0
1226	redgrave's	1	0.0	0.0	1.0
1227	redeems	1	0.0	0.0	1.0
1228	redeem	1	0.0	0.0	1.0
1229	red-links	1	0.0	0.0	1.0
1230	recognize	1	0.0	0.0	1.0
1231	recipient	1	0.0	0.0	1.0
1232	recent	2	0.0	0.0	1.0
1233	receive	1	0.0	0.0	1.0
1234	reasons	1	0.0	0.0	1.0
1235	reason	3	0.0	0.0	1.0
1236	really	7	0.0	0.0	1.0
1237	realize	1	0.0	0.0	1.0
1238	real	11	0.0	0.0	1.0
1239	ready	2	0.0	0.0	1.0
1240	read	3	0.0	0.0	1.0
1241	re-convert	1	0.0	0.0	1.0
1242	ray	1	0.0	0.0	1.0
1243	rather	2	0.0	0.0	1.0
1244	rate	1	0.0	0.0	1.0
1245	ratchet	1	0.0	0.0	1.0
1246	ratcatcher	1	0.0	0.0	1.0
1247	rarity	1	0.0	0.0	1.0
1248	rare	1	0.0	0.0	1.0
1249	random	1	0.0	0.0	1.0
1250	ramsay	1	0.0	0.0	1.0
1251	rained	1	0.0	0.0	1.0
1252	raging	1	0.0	0.0	1.0
1253	radio	1	0.0	0.0	1.0
1254	rabbit-proof	1	0.0	0.0	1.0
1255	r	1	0.0	0.0	1.0
1256	quite	2	0.0	0.0	1.0
1257	quit	1	0.0	0.0	1.0
1258	quirky	1	0.0	0.0	1.0
1259	quirkiness	1	0.0	0.0	1.0
1260	quiet	1	0.0	0.0	1.0
1261	quickly	4	0.0	0.0	1.0
1262	question:	2	0.0	0.0	1.0
1263	question	9	0.0	0.0	1.0
1264	queer	1	0.0	0.0	1.0
1265	quality	1	0.0	0.0	1.0
1266	qr	2	0.0	0.0	1.0
1267	q	1	0.0	0.0	1.0
1268	putting	3	0.0	0.0	1.0
1269	put	5	0.0	0.0	1.0
1270	purple	1	0.0	0.0	1.0
1271	punctuation	1	0.0	0.0	1.0
1272	punch-drunk	1	0.0	0.0	1.0
1273	pulse	1	0.0	0.0	1.0
1274	pulls	1	0.0	0.0	1.0
1275	pudding	2	0.0	0.0	1.0
1276	published	1	0.0	0.0	1.0
1277	public	3	0.0	0.0	1.0
1278	pseudo	1	0.0	0.0	1.0
1279	psalms	1	0.0	0.0	1.0
1280	provokes	1	0.0	0.0	1.0
1281	provides	1	0.0	0.0	1.0
1282	provided	1	0.0	0.0	1.0
1283	provide	1	0.0	0.0	1.0
1284	proverbs	1	0.0	0.0	1.0
1285	proud	1	0.0	0.0	1.0
1286	protecting	1	0.0	0.0	1.0
1287	protect	1	0.0	0.0	1.0
1288	protagonist's	1	0.0	0.0	1.0
1289	proprietary	1	0.0	0.0	1.0
1290	properly	1	0.0	0.0	1.0
1291	proper	3	0.0	0.0	1.0
1292	promising	1	0.0	0.0	1.0
1293	project	3	0.0	0.0	1.0
1294	programmers	1	0.0	0.0	1.0
1295	program	4	0.0	0.0	1.0
1296	profession	1	0.0	0.0	1.0
1297	productions	2	0.0	0.0	1.0
1298	process	2	0.0	0.0	1.0
1299	probably	2	0.0	0.0	1.0
1300	pro	1	0.0	0.0	1.0
1301	prison	1	0.0	0.0	1.0
1302	pride	1	0.0	0.0	1.0
1303	price	1	0.0	0.0	1.0
1304	preview	1	0.0	0.0	1.0
1305	prevent	1	0.0	0.0	1.0
1306	prevalent	1	0.0	0.0	1.0
1307	pretty'	1	0.0	0.0	1.0
1308	pretty	3	0.0	0.0	1.0
1309	presume	1	0.0	0.0	1.0
1310	pressing	1	0.0	0.0	1.0
1311	presented	1	0.0	0.0	1.0
1312	presentation	1	0.0	0.0	1.0
1313	preparation	1	0.0	0.0	1.0
1314	prefer	1	0.0	0.0	1.0
1315	prediction	1	0.0	0.0	1.0
1316	predictable	1	0.0	0.0	1.0
1317	preconceived	1	0.0	0.0	1.0
1318	preaches	1	0.0	0.0	1.0
1319	praying	1	0.0	0.0	1.0
1320	prayers	1	0.0	0.0	1.0
1321	powerful	1	0.0	0.0	1.0
1322	power	1	0.0	0.0	1.0
1323	pounds	1	0.0	0.0	1.0
1324	posts	1	0.0	0.0	1.0
1325	posted	1	0.0	0.0	1.0
1326	post	3	0.0	0.0	1.0
1327	possibly	2	0.0	0.0	1.0
1328	possible	3	0.0	0.0	1.0
1329	possession	1	0.0	0.0	1.0
1330	positivity	1	0.0	0.0	1.0
1331	positively	1	0.0	0.0	1.0
1332	portrayal	1	0.0	0.0	1.0
1333	portals	1	0.0	0.0	1.0
1334	portal	1	0.0	0.0	1.0
1335	popularity	1	0.0	0.0	1.0
1336	pop	1	0.0	0.0	1.0
1337	ponder	1	0.0	0.0	1.0
1338	politics	1	0.0	0.0	1.0
1339	polished	1	0.0	0.0	1.0
1340	policy	1	0.0	0.0	1.0
1341	police	1	0.0	0.0	1.0
1342	points	1	0.0	0.0	1.0
1343	pointer	2	0.0	0.0	1.0
1344	point	5	0.0	0.0	1.0
1345	poignant	1	0.0	0.0	1.0
1346	poetry	1	0.0	0.0	1.0
1347	podcast	1	0.0	0.0	1.0
1348	png	1	0.0	0.0	1.0
1349	pm	1	0.0	0.0	1.0
1350	plus	3	0.0	0.0	1.0
1351	plotting	1	0.0	0.0	1.0
1352	plot	2	0.0	0.0	1.0
1353	plight	1	0.0	0.0	1.0
1354	pleasure	1	0.0	0.0	1.0
1355	pleasing	1	0.0	0.0	1.0
1356	please	10	0.0	0.0	1.0
1357	pleasant	1	0.0	0.0	1.0
1358	playing	1	0.0	0.0	1.0
1359	playin	1	0.0	0.0	1.0
1360	players	1	0.0	0.0	1.0
1361	player	1	0.0	0.0	1.0
1362	played	2	0.0	0.0	1.0
1363	play'-it	1	0.0	0.0	1.0
1364	play	2	0.0	0.0	1.0
1365	platitudes	1	0.0	0.0	1.0
1366	platinum	2	0.0	0.0	1.0
1367	platform	1	0.0	0.0	1.0
1368	plane	1	0.0	0.0	1.0
1369	plan	1	0.0	0.0	1.0
1370	placeholder	1	0.0	0.0	1.0
1371	place	2	0.0	0.0	1.0
1372	pizza	1	0.0	0.0	1.0
1373	pinocchio	2	0.0	0.0	1.0
1374	pimps	1	0.0	0.0	1.0
1375	pilot	1	0.0	0.0	1.0
1376	pill	1	0.0	0.0	1.0
1377	pig	1	0.0	0.0	1.0
1378	piercing	1	0.0	0.0	1.0
1379	pieced	1	0.0	0.0	1.0
1380	piece	3	0.0	0.0	1.0
1381	picturing	1	0.0	0.0	1.0
1382	pictures	3	0.0	0.0	1.0
1383	pics	1	0.0	0.0	1.0
1384	pickin	1	0.0	0.0	1.0
1385	pick	4	0.0	0.0	1.0
1386	physics	2	0.0	0.0	1.0
1387	photoshop	1	0.0	0.0	1.0
1388	photographs	1	0.0	0.0	1.0
1389	phone	2	0.0	0.0	1.0
1390	peter	2	0.0	0.0	1.0
1391	perverse	1	0.0	0.0	1.0
1392	person	1	0.0	0.0	1.0
1393	perro	1	0.0	0.0	1.0
1394	perhaps	1	0.0	0.0	1.0
1395	performances	2	0.0	0.0	1.0
1396	performance	1	0.0	0.0	1.0
1397	perfectly	1	0.0	0.0	1.0
1398	perfection	1	0.0	0.0	1.0
1399	perfect	2	0.0	0.0	1.0
1400	percolates	1	0.0	0.0	1.0
1401	peppers	1	0.0	0.0	1.0
1402	peplamb:	1	0.0	0.0	1.0
1403	peoples	1	0.0	0.0	1.0
1404	pentesting	1	0.0	0.0	1.0
1405	pearls	1	0.0	0.0	1.0
1406	pc	1	0.0	0.0	1.0
1407	pay	1	0.0	0.0	1.0
1408	paw	1	0.0	0.0	1.0
1409	paul	1	0.0	0.0	1.0
1410	patrol	1	0.0	0.0	1.0
1411	patients	1	0.0	0.0	1.0
1412	patient	2	0.0	0.0	1.0
1413	pathetic	1	0.0	0.0	1.0
1414	path	2	0.0	0.0	1.0
1415	paste	1	0.0	0.0	1.0
1416	passion	3	0.0	0.0	1.0
1417	passed	2	0.0	0.0	1.0
1418	party	1	0.0	0.0	1.0
1419	partway	1	0.0	0.0	1.0
1420	particular	1	0.0	0.0	1.0
1421	participate	1	0.0	0.0	1.0
1422	participants	1	0.0	0.0	1.0
1423	part	5	0.0	0.0	1.0
1424	parker's	1	0.0	0.0	1.0
1425	parent	1	0.0	0.0	1.0
1426	paradox	1	0.0	0.0	1.0
1427	paradise	1	0.0	0.0	1.0
1428	pang	1	0.0	0.0	1.0
1429	pan	1	0.0	0.0	1.0
1430	pages	1	0.0	0.0	1.0
1431	packed	1	0.0	0.0	1.0
1432	oylmpicsroute	1	0.0	0.0	1.0
1433	own	3	0.0	0.0	1.0
1434	overtime	1	0.0	0.0	1.0
1435	overemphatic	1	0.0	0.0	1.0
1436	overdoses	1	0.0	0.0	1.0
1437	outta	1	0.0	0.0	1.0
1438	outside	2	0.0	0.0	1.0
1439	output	2	0.0	0.0	1.0
1440	outlining	1	0.0	0.0	1.0
1441	outfit	1	0.0	0.0	1.0
1442	outer	1	0.0	0.0	1.0
1443	our	12	0.0	0.0	1.0
1444	otherwise	3	0.0	0.0	1.0
1445	others	2	0.0	0.0	1.0
1446	other	6	0.0	0.0	1.0
1447	osbourne	1	0.0	0.0	1.0
1448	original	2	0.0	0.0	1.0
1449	organising	1	0.0	0.0	1.0
1450	optimism	2	0.0	0.0	1.0
1451	opted	1	0.0	0.0	1.0
1452	opps	1	0.0	0.0	1.0
1453	opium	1	0.0	0.0	1.0
1454	opinion	1	0.0	0.0	1.0
1455	opening	1	0.0	0.0	1.0
1456	open-ended	1	0.0	0.0	1.0
1457	onto	1	0.0	0.0	1.0
1458	onstop	1	0.0	0.0	1.0
1459	only2	1	0.0	0.0	1.0
1460	online	2	0.0	0.0	1.0
1461	ones	1	0.0	0.0	1.0
1462	one-time	1	0.0	0.0	1.0
1463	one	23	0.0	0.0	1.0
1464	once	1	0.0	0.0	1.0
1465	omgsh	1	0.0	0.0	1.0
1466	omg	1	0.0	0.0	1.0
1467	omfg	1	0.0	0.0	1.0
1468	oliver	1	0.0	0.0	1.0
1469	oldest	1	0.0	0.0	1.0
1470	old	1	0.0	0.0	1.0
1471	oks	1	0.0	0.0	1.0
1472	okay	2	0.0	0.0	1.0
1473	oil	2	0.0	0.0	1.0
1474	often	3	0.0	0.0	1.0
1475	offspring	1	0.0	0.0	1.0
1476	office	1	0.0	0.0	1.0
1477	offering	1	0.0	0.0	1.0
1478	off-site	1	0.0	0.0	1.0
1479	odds	1	0.0	0.0	1.0
1480	october	1	0.0	0.0	1.0
1481	obviously	2	0.0	0.0	1.0
1482	obvious	2	0.0	0.0	1.0
1483	obstacles	1	0.0	0.0	1.0
1484	obsession	1	0.0	0.0	1.0
1485	obey	1	0.0	0.0	1.0
1486	o'clock	1	0.0	0.0	1.0
1487	o	2	0.0	0.0	1.0
1488	nursing	1	0.0	0.0	1.0
1489	numerous	2	0.0	0.0	1.0
1490	numbers	2	0.0	0.0	1.0
1491	nudes	2	0.0	0.0	1.0
1492	noyce	1	0.0	0.0	1.0
1493	now&#8221he	1	0.0	0.0	1.0
1494	novel	1	0.0	0.0	1.0
1495	novak	1	0.0	0.0	1.0
1496	nouveau	1	0.0	0.0	1.0
1497	noticed	1	0.0	0.0	1.0
1498	notice	1	0.0	0.0	1.0
1499	nothing	3	0.0	0.0	1.0
1500	note*gg	1	0.0	0.0	1.0
1501	note	1	0.0	0.0	1.0
1502	notable	1	0.0	0.0	1.0
1503	notability	1	0.0	0.0	1.0
1504	normal	1	0.0	0.0	1.0
1505	nor	1	0.0	0.0	1.0
1506	none	2	0.0	0.0	1.0
1507	nominate	1	0.0	0.0	1.0
1508	noi	1	0.0	0.0	1.0
1509	noblest	1	0.0	0.0	1.0
1510	nkaissery	1	0.0	0.0	1.0
1511	niro	1	0.0	0.0	1.0
1512	nips	1	0.0	0.0	1.0
1513	nine	1	0.0	0.0	1.0
1514	ninda	1	0.0	0.0	1.0
1515	niggas	1	0.0	0.0	1.0
1516	nig	1	0.0	0.0	1.0
1517	niece	1	0.0	0.0	1.0
1518	nickelodeon	1	0.0	0.0	1.0
1519	nicest	1	0.0	0.0	1.0
1520	nicca	2	0.0	0.0	1.0
1521	nfl	1	0.0	0.0	1.0
1522	news	2	0.0	0.0	1.0
1523	new	7	0.0	0.0	1.0
1524	networks&#128514	1	0.0	0.0	1.0
1525	nelson's	1	0.0	0.0	1.0
1526	neither	1	0.0	0.0	1.0
1527	negro	2	0.0	0.0	1.0
1528	needy	1	0.0	0.0	1.0
1529	needs	1	0.0	0.0	1.0
1530	needles	1	0.0	0.0	1.0
1531	neater	1	0.0	0.0	1.0
1532	nba	1	0.0	0.0	1.0
1533	nature	1	0.0	0.0	1.0
1534	national	1	0.0	0.0	1.0
1535	nasty	2	0.0	0.0	1.0
1536	narrative	1	0.0	0.0	1.0
1537	namjoo	1	0.0	0.0	1.0
1538	name/extension	1	0.0	0.0	1.0
1539	name	4	0.0	0.0	1.0
1540	naked	2	0.0	0.0	1.0
1541	nailedive	1	0.0	0.0	1.0
1542	nail	1	0.0	0.0	1.0
1543	nahhell	1	0.0	0.0	1.0
1544	nah	1	0.0	0.0	1.0
1545	nae	1	0.0	0.0	1.0
1546	naa	1	0.0	0.0	1.0
1547	na	1	0.0	0.0	1.0
1548	n	3	0.0	0.0	1.0
1549	myself	2	0.0	0.0	1.0
1550	must	1	0.0	0.0	1.0
1551	music	2	0.0	0.0	1.0
1552	museum	1	0.0	0.0	1.0
1553	mug	1	0.0	0.0	1.0
1554	mucking	1	0.0	0.0	1.0
1555	much	8	0.0	0.0	1.0
1556	msn	1	0.0	0.0	1.0
1557	ms	1	0.0	0.0	1.0
1558	mrs	1	0.0	0.0	1.0
1559	mozilla	1	0.0	0.0	1.0
1560	moving	2	0.0	0.0	1.0
1561	movies	2	0.0	0.0	1.0
1562	moviegoers	1	0.0	0.0	1.0
1563	moved	2	0.0	0.0	1.0
1564	mouth	1	0.0	0.0	1.0
1565	mounted	1	0.0	0.0	1.0
1566	motivates	1	0.0	0.0	1.0
1567	moths	1	0.0	0.0	1.0
1568	mother's	1	0.0	0.0	1.0
1569	mother	1	0.0	0.0	1.0
1570	mosul	1	0.0	0.0	1.0
1571	mortality	1	0.0	0.0	1.0
1572	morning--nada	1	0.0	0.0	1.0
1573	morning	6	0.0	0.0	1.0
1574	morgue	1	0.0	0.0	1.0
1575	moretti's	1	0.0	0.0	1.0
1576	mores_	1	0.0	0.0	1.0
1577	more	22	0.0	0.0	1.0
1578	moods	1	0.0	0.0	1.0
1579	month	1	0.0	0.0	1.0
1580	montaigne	1	0.0	0.0	1.0
1581	monotonous	1	0.0	0.0	1.0
1582	mondays	1	0.0	0.0	1.0
1583	monarch	1	0.0	0.0	1.0
1584	moment	1	0.0	0.0	1.0
1585	mom's	1	0.0	0.0	1.0
1586	mojo	1	0.0	0.0	1.0
1587	modify	1	0.0	0.0	1.0
1588	modern	2	0.0	0.0	1.0
1589	mixer	1	0.0	0.0	1.0
1590	mix	1	0.0	0.0	1.0
1591	mistake	1	0.0	0.0	1.0
1592	mississippi	2	0.0	0.0	1.0
1593	mission	1	0.0	0.0	1.0
1594	missing	1	0.0	0.0	1.0
1595	misleading	1	0.0	0.0	1.0
1596	miserable	1	0.0	0.0	1.0
1597	miramax	1	0.0	0.0	1.0
1598	minus	1	0.0	0.0	1.0
1599	minority	1	0.0	0.0	1.0
1600	mine	2	0.0	0.0	1.0
1601	mind	4	0.0	0.0	1.0
1602	mils	1	0.0	0.0	1.0
1603	millions	1	0.0	0.0	1.0
1604	million	1	0.0	0.0	1.0
1605	millennium	1	0.0	0.0	1.0
1606	milk	1	0.0	0.0	1.0
1607	milf	1	0.0	0.0	1.0
1608	miles	1	0.0	0.0	1.0
1609	migraines	1	0.0	0.0	1.0
1610	might've	1	0.0	0.0	1.0
1611	might	5	0.0	0.0	1.0
1612	mick	1	0.0	0.0	1.0
1613	michel	1	0.0	0.0	1.0
1614	michael	1	0.0	0.0	1.0
1615	method	2	0.0	0.0	1.0
1616	metaphor	1	0.0	0.0	1.0
1617	messages	1	0.0	0.0	1.0
1618	message)	1	0.0	0.0	1.0
1619	message	2	0.0	0.0	1.0
1620	mesmerizing	1	0.0	0.0	1.0
1621	merging	1	0.0	0.0	1.0
1622	mention	1	0.0	0.0	1.0
1623	mendez	1	0.0	0.0	1.0
1624	men	3	0.0	0.0	1.0
1625	memes	1	0.0	0.0	1.0
1626	member	1	0.0	0.0	1.0
1627	melons	1	0.0	0.0	1.0
1628	melancholy	1	0.0	0.0	1.0
1629	meetup	1	0.0	0.0	1.0
1630	meditation	1	0.0	0.0	1.0
1631	mediocre	1	0.0	0.0	1.0
1632	medical	1	0.0	0.0	1.0
1633	media	1	0.0	0.0	1.0
1634	meant	1	0.0	0.0	1.0
1635	means	2	0.0	0.0	1.0
1636	meaningful	1	0.0	0.0	1.0
1637	mean&#8221	1	0.0	0.0	1.0
1638	meal	1	0.0	0.0	1.0
1639	me:	4	0.0	0.0	1.0
1640	me&#8221	1	0.0	0.0	1.0
1641	mayweather	1	0.0	0.0	1.0
1642	maybe	2	0.0	0.0	1.0
1643	maximum	1	0.0	0.0	1.0
1644	maud	1	0.0	0.0	1.0
1645	matter	1	0.0	0.0	1.0
1646	material	1	0.0	0.0	1.0
1647	match	1	0.0	0.0	1.0
1648	masterpiece	1	0.0	0.0	1.0
1649	mask	1	0.0	0.0	1.0
1650	marvels	1	0.0	0.0	1.0
1651	martial	2	0.0	0.0	1.0
1652	marriages	2	0.0	0.0	1.0
1653	marriage's	1	0.0	0.0	1.0
1654	marquee	1	0.0	0.0	1.0
1655	marks	1	0.0	0.0	1.0
1656	market	1	0.0	0.0	1.0
1657	mark	1	0.0	0.0	1.0
1658	marines	1	0.0	0.0	1.0
1659	mariana	1	0.0	0.0	1.0
1660	marginal	1	0.0	0.0	1.0
1661	marc	1	0.0	0.0	1.0
1662	many	1	0.0	0.0	1.0
1663	manchester	1	0.0	0.0	1.0
1664	managing	2	0.0	0.0	1.0
1665	management	1	0.0	0.0	1.0
1666	man	5	0.0	0.0	1.0
1667	mama	1	0.0	0.0	1.0
1668	malicous	1	0.0	0.0	1.0
1669	malicious	1	0.0	0.0	1.0
1670	makeup	1	0.0	0.0	1.0
1671	makes	7	0.0	0.0	1.0
1672	make-up	1	0.0	0.0	1.0
1673	mail	1	0.0	0.0	1.0
1674	madness	1	0.0	0.0	1.0
1675	madman	1	0.0	0.0	1.0
1676	made	4	0.0	0.0	1.0
1677	mad	2	0.0	0.0	1.0
1678	ma	2	0.0	0.0	1.0
1679	lunch	1	0.0	0.0	1.0
1680	lube	1	0.0	0.0	1.0
1681	lower	1	0.0	0.0	1.0
1682	lovingly	1	0.0	0.0	1.0
1683	lovett	1	0.0	0.0	1.0
1684	loves	1	0.0	0.0	1.0
1685	lovely	2	0.0	0.0	1.0
1686	loved	1	0.0	0.0	1.0
1687	love's	1	0.0	0.0	1.0
1688	love	15	0.0	0.0	1.0
1689	loud	1	0.0	0.0	1.0
1690	lot	1	0.0	0.0	1.0
1691	losing	1	0.0	0.0	1.0
1692	lose	2	0.0	0.0	1.0
1693	lord	2	0.0	0.0	1.0
1694	loop	1	0.0	0.0	1.0
1695	looks	3	0.0	0.0	1.0
1696	looking	6	0.0	0.0	1.0
1697	looked	1	0.0	0.0	1.0
1698	longer	1	0.0	0.0	1.0
1699	lol	4	0.0	0.0	1.0
1700	logistics	1	0.0	0.0	1.0
1701	logic	1	0.0	0.0	1.0
1702	log	1	0.0	0.0	1.0
1703	location	1	0.0	0.0	1.0
1704	local	1	0.0	0.0	1.0
1705	lmaoo	1	0.0	0.0	1.0
1706	living	1	0.0	0.0	1.0
1707	lives	2	0.0	0.0	1.0
1708	lived	1	0.0	0.0	1.0
1709	live	5	0.0	0.0	1.0
1710	little	6	0.0	0.0	1.0
1711	literate	1	0.0	0.0	1.0
1712	literary	1	0.0	0.0	1.0
1713	lite	1	0.0	0.0	1.0
1714	lit	1	0.0	0.0	1.0
1715	listening	1	0.0	0.0	1.0
1716	listen	3	0.0	0.0	1.0
1717	listed	2	0.0	0.0	1.0
1718	list	2	0.0	0.0	1.0
1719	lips	1	0.0	0.0	1.0
1720	link	1	0.0	0.0	1.0
1721	line	1	0.0	0.0	1.0
1722	lindsey	1	0.0	0.0	1.0
1723	limit	1	0.0	0.0	1.0
1724	lil	3	0.0	0.0	1.0
1725	likely	1	0.0	0.0	1.0
1726	lightest	1	0.0	0.0	1.0
1727	lighter	1	0.0	0.0	1.0
1728	life'	1	0.0	0.0	1.0
1729	life	10	0.0	0.0	1.0
1730	lie	1	0.0	0.0	1.0
1731	lick	2	0.0	0.0	1.0
1732	library	1	0.0	0.0	1.0
1733	liberal	1	0.0	0.0	1.0
1734	leviticus	1	0.0	0.0	1.0
1735	levels	1	0.0	0.0	1.0
1736	level	1	0.0	0.0	1.0
1737	letter	1	0.0	0.0	1.0
1738	lets	1	0.0	0.0	1.0
1739	let's	1	0.0	0.0	1.0
1740	let	6	0.0	0.0	1.0
1741	less	1	0.0	0.0	1.0
1742	lems	1	0.0	0.0	1.0
1743	legitimate	1	0.0	0.0	1.0
1744	legit	1	0.0	0.0	1.0
1745	leg	1	0.0	0.0	1.0
1746	left	7	0.0	0.0	1.0
1747	lee	1	0.0	0.0	1.0
1748	led	1	0.0	0.0	1.0
1749	leaves	1	0.0	0.0	1.0
1750	leave	4	0.0	0.0	1.0
1751	least	4	0.0	0.0	1.0
1752	learning	1	0.0	0.0	1.0
1753	learn	1	0.0	0.0	1.0
1754	lean	1	0.0	0.0	1.0
1755	leads	1	0.0	0.0	1.0
1756	law	1	0.0	0.0	1.0
1757	launching	1	0.0	0.0	1.0
1758	laughing	1	0.0	0.0	1.0
1759	laugh	1	0.0	0.0	1.0
1760	later:	1	0.0	0.0	1.0
1761	later	2	0.0	0.0	1.0
1762	last	3	0.0	0.0	1.0
1763	las	1	0.0	0.0	1.0
1764	large	1	0.0	0.0	1.0
1765	languish	1	0.0	0.0	1.0
1766	language	3	0.0	0.0	1.0
1767	lanes	1	0.0	0.0	1.0
1768	land	2	0.0	0.0	1.0
1769	lady&#8221	1	0.0	0.0	1.0
1770	ladies	1	0.0	0.0	1.0
1771	lacks	1	0.0	0.0	1.0
1772	lackluster	1	0.0	0.0	1.0
1773	laced	1	0.0	0.0	1.0
1774	labute	1	0.0	0.0	1.0
1775	labels	1	0.0	0.0	1.0
1776	la	1	0.0	0.0	1.0
1777	kyrie	1	0.0	0.0	1.0
1778	kylie	1	0.0	0.0	1.0
1779	koy	1	0.0	0.0	1.0
1780	knw	1	0.0	0.0	1.0
1781	knows	1	0.0	0.0	1.0
1782	known	1	0.0	0.0	1.0
1783	know	10	0.0	0.0	1.0
1784	knocking	1	0.0	0.0	1.0
1785	kitchen	2	0.0	0.0	1.0
1786	kit	1	0.0	0.0	1.0
1787	kiss	1	0.0	0.0	1.0
1788	kinda	1	0.0	0.0	1.0
1789	kind	5	0.0	0.0	1.0
1790	kills	1	0.0	0.0	1.0
1791	kids	2	0.0	0.0	1.0
1792	kept	1	0.0	0.0	1.0
1793	kennedy's	1	0.0	0.0	1.0
1794	keeps	1	0.0	0.0	1.0
1795	kadi	1	0.0	0.0	1.0
1796	jus	1	0.0	0.0	1.0
1797	june	1	0.0	0.0	1.0
1798	jug	1	0.0	0.0	1.0
1799	jubilee	1	0.0	0.0	1.0
1800	joy	2	0.0	0.0	1.0
1801	journey	2	0.0	0.0	1.0
1802	jolly	1	0.0	0.0	1.0
1803	jokes	2	0.0	0.0	1.0
1804	john	1	0.0	0.0	1.0
1805	job	3	0.0	0.0	1.0
1806	joan's	1	0.0	0.0	1.0
1807	jm	1	0.0	0.0	1.0
1808	jjph	1	0.0	0.0	1.0
1809	jingo	1	0.0	0.0	1.0
1810	jimbo's	1	0.0	0.0	1.0
1811	jewis	1	0.0	0.0	1.0
1812	jerky	1	0.0	0.0	1.0
1813	jenner	1	0.0	0.0	1.0
1814	jean-luc	1	0.0	0.0	1.0
1815	jazzy's	1	0.0	0.0	1.0
1816	jason	2	0.0	0.0	1.0
1817	japanese	1	0.0	0.0	1.0
1818	jamessssss	1	0.0	0.0	1.0
1819	james	1	0.0	0.0	1.0
1820	jail	2	0.0	0.0	1.0
1821	jackson	1	0.0	0.0	1.0
1822	itsa	1	0.0	0.0	1.0
1823	it&#128514	1	0.0	0.0	1.0
1824	isnt	2	0.0	0.0	1.0
1825	isis	1	0.0	0.0	1.0
1826	irrational	1	0.0	0.0	1.0
1827	iranian	1	0.0	0.0	1.0
1828	invention	1	0.0	0.0	1.0
1829	introduction	1	0.0	0.0	1.0
1830	intriguing	1	0.0	0.0	1.0
1831	into	7	0.0	0.0	1.0
1832	intimidator	1	0.0	0.0	1.0
1833	intimate	1	0.0	0.0	1.0
1834	interview	1	0.0	0.0	1.0
1835	internship	1	0.0	0.0	1.0
1836	internet	1	0.0	0.0	1.0
1837	interference	1	0.0	0.0	1.0
1838	interesting	3	0.0	0.0	1.0
1839	interest	1	0.0	0.0	1.0
1840	intensity	1	0.0	0.0	1.0
1841	intensifying	1	0.0	0.0	1.0
1842	intelligent	1	0.0	0.0	1.0
1843	intelligence	1	0.0	0.0	1.0
1844	insult	2	0.0	0.0	1.0
1845	instead	6	0.0	0.0	1.0
1846	instantaneous	1	0.0	0.0	1.0
1847	instant	1	0.0	0.0	1.0
1848	instance	1	0.0	0.0	1.0
1849	install	1	0.0	0.0	1.0
1850	inspiring	1	0.0	0.0	1.0
1851	inside	1	0.0	0.0	1.0
1852	insecure	1	0.0	0.0	1.0
1853	innocuous	1	0.0	0.0	1.0
1854	inner	2	0.0	0.0	1.0
1855	inhabitants	1	0.0	0.0	1.0
1856	infuriate	1	0.0	0.0	1.0
1857	info	1	0.0	0.0	1.0
1858	influences	1	0.0	0.0	1.0
1859	influence	1	0.0	0.0	1.0
1860	inference	1	0.0	0.0	1.0
1861	inequality	1	0.0	0.0	1.0
1862	inept	1	0.0	0.0	1.0
1863	induced	1	0.0	0.0	1.0
1864	individuals	2	0.0	0.0	1.0
1865	indignation	1	0.0	0.0	1.0
1866	indian	1	0.0	0.0	1.0
1867	indeed	2	0.0	0.0	1.0
1868	imprinted	1	0.0	0.0	1.0
1869	impress	1	0.0	0.0	1.0
1870	important	4	0.0	0.0	1.0
1871	implodes	1	0.0	0.0	1.0
1872	imdb	1	0.0	0.0	1.0
1873	imagine	1	0.0	0.0	1.0
1874	imaginative	1	0.0	0.0	1.0
1875	image	1	0.0	0.0	1.0
1876	ima	2	0.0	0.0	1.0
1877	im	3	0.0	0.0	1.0
1878	illustration	1	0.0	0.0	1.0
1879	illuminating	1	0.0	0.0	1.0
1880	illness	1	0.0	0.0	1.0
1881	illino&#8230	1	0.0	0.0	1.0
1882	ill	1	0.0	0.0	1.0
1883	ignore	2	0.0	0.0	1.0
1884	igloo	2	0.0	0.0	1.0
1885	if/elif	1	0.0	0.0	1.0
1886	ie	2	0.0	0.0	1.0
1887	ideas	2	0.0	0.0	1.0
1888	idea	2	0.0	0.0	1.0
1889	i'll	2	0.0	0.0	1.0
1890	husband	1	0.0	0.0	1.0
1891	hurt	1	0.0	0.0	1.0
1892	humor	4	0.0	0.0	1.0
1893	humans	1	0.0	0.0	1.0
1894	human	1	0.0	0.0	1.0
1895	huh&#8221	1	0.0	0.0	1.0
1896	huge	1	0.0	0.0	1.0
1897	hudson	1	0.0	0.0	1.0
1898	http://tco/xournvvayp&#8221	1	0.0	0.0	1.0
1899	http://tco/wc5tr4uhs6&#8221	1	0.0	0.0	1.0
1900	http://tco/tbgyikpv1e	1	0.0	0.0	1.0
1901	http://tco/rckxynwtvx	1	0.0	0.0	1.0
1902	http://tco/nuyjux1sk3&#8221	1	0.0	0.0	1.0
1903	http://tco/ltzwujc0vs	1	0.0	0.0	1.0
1904	http://tco/lrueixmy21	1	0.0	0.0	1.0
1905	http://tco/l46q7moggr	1	0.0	0.0	1.0
1906	http://tco/i2hyinfidw	1	0.0	0.0	1.0
1907	http://tco/g9w10smqdr&#8221	1	0.0	0.0	1.0
1908	http://tco/dyeay2t5aa&#8221flawless	1	0.0	0.0	1.0
1909	http://tco/9doibskt17	1	0.0	0.0	1.0
1910	http://tco/9bgr2766k8	1	0.0	0.0	1.0
1911	http://tco/2uhl7dhhu1	1	0.0	0.0	1.0
1912	http://tco/03s8desezq&#8221	1	0.0	0.0	1.0
1913	http://stackoverflowcom/questions/1083017/iphone-socket-program	1	0.0	0.0	1.0
1914	how's	2	0.0	0.0	1.0
1915	hours	4	0.0	0.0	1.0
1916	hour	1	0.0	0.0	1.0
1917	hot	1	0.0	0.0	1.0
1918	hosted	1	0.0	0.0	1.0
1919	hopes	1	0.0	0.0	1.0
1920	hopeless	1	0.0	0.0	1.0
1921	hook	1	0.0	0.0	1.0
1922	honestly	1	0.0	0.0	1.0
1923	honest	1	0.0	0.0	1.0
1924	homie	1	0.0	0.0	1.0
1925	homework	2	0.0	0.0	1.0
1926	home	2	0.0	0.0	1.0
1927	hollywood's	1	0.0	0.0	1.0
1928	hollow	1	0.0	0.0	1.0
1929	holiday	1	0.0	0.0	1.0
1930	holding	1	0.0	0.0	1.0
1931	hold	2	0.0	0.0	1.0
1932	hogging	1	0.0	0.0	1.0
1933	hoes&#8221&#128514&#128514&#128514&#128514	1	0.0	0.0	1.0
1934	hoe:	1	0.0	0.0	1.0
1935	hmmmmandela	1	0.0	0.0	1.0
1936	hits	1	0.0	0.0	1.0
1937	hit	2	0.0	0.0	1.0
1938	history	2	0.0	0.0	1.0
1939	historical	1	0.0	0.0	1.0
1940	his	8	0.0	0.0	1.0
1941	hip	1	0.0	0.0	1.0
1942	him	13	0.0	0.0	1.0
1943	hilarious	2	0.0	0.0	1.0
1944	highschool	1	0.0	0.0	1.0
1945	highly	2	0.0	0.0	1.0
1946	high	2	0.0	0.0	1.0
1947	hide	1	0.0	0.0	1.0
1948	hickeys	1	0.0	0.0	1.0
1949	hi	5	0.0	0.0	1.0
1950	hey	4	0.0	0.0	1.0
1951	hero	1	0.0	0.0	1.0
1952	here's	1	0.0	0.0	1.0
1953	hello	2	0.0	0.0	1.0
1954	helll	1	0.0	0.0	1.0
1955	hell	1	0.0	0.0	1.0
1956	held	1	0.0	0.0	1.0
1957	heights	1	0.0	0.0	1.0
1958	heavy-handed	1	0.0	0.0	1.0
1959	heaven's	1	0.0	0.0	1.0
1960	heartfelt	1	0.0	0.0	1.0
1961	heart	1	0.0	0.0	1.0
1962	hearing	1	0.0	0.0	1.0
1963	hear	6	0.0	0.0	1.0
1964	heads-up	1	0.0	0.0	1.0
1965	heading	1	0.0	0.0	1.0
1966	headache	1	0.0	0.0	1.0
1967	head	2	0.0	0.0	1.0
1968	he	10	0.0	0.0	1.0
1969	hawkeye	1	0.0	0.0	1.0
1970	having	5	0.0	0.0	1.0
1971	haunting	2	0.0	0.0	1.0
1972	hatred	1	0.0	0.0	1.0
1973	hate	3	0.0	0.0	1.0
1974	hat	1	0.0	0.0	1.0
1975	hastier	1	0.0	0.0	1.0
1976	harvard	1	0.0	0.0	1.0
1977	hardcore	1	0.0	0.0	1.0
1978	happy	10	0.0	0.0	1.0
1979	happiness	1	0.0	0.0	1.0
1980	happily	1	0.0	0.0	1.0
1981	happier	1	0.0	0.0	1.0
1982	happens	2	0.0	0.0	1.0
1983	happened	4	0.0	0.0	1.0
1984	hang	2	0.0	0.0	1.0
1985	handsome	1	0.0	0.0	1.0
1986	hands	1	0.0	0.0	1.0
1987	handle	3	0.0	0.0	1.0
1988	handful	1	0.0	0.0	1.0
1989	hand	1	0.0	0.0	1.0
1990	hamiltonian	1	0.0	0.0	1.0
1991	hamburgers	1	0.0	0.0	1.0
1992	halfway	1	0.0	0.0	1.0
1993	half-formed	1	0.0	0.0	1.0
1994	half	2	0.0	0.0	1.0
1995	hairy	2	0.0	0.0	1.0
1996	hahahaha	1	0.0	0.0	1.0
1997	h&#8230	1	0.0	0.0	1.0
1998	gz	1	0.0	0.0	1.0
1999	gypsy	1	0.0	0.0	1.0
2000	gym	1	0.0	0.0	1.0
2001	guys	1	0.0	0.0	1.0
2002	guy's	1	0.0	0.0	1.0
2003	guy	1	0.0	0.0	1.0
2004	gussied	1	0.0	0.0	1.0
2005	gurls	1	0.0	0.0	1.0
2006	gurl	1	0.0	0.0	1.0
2007	guilt	1	0.0	0.0	1.0
2008	grown	1	0.0	0.0	1.0
2009	growing	1	0.0	0.0	1.0
2010	grow	1	0.0	0.0	1.0
2011	grounds	1	0.0	0.0	1.0
2012	grounded	1	0.0	0.0	1.0
2013	ground	1	0.0	0.0	1.0
2014	gross	1	0.0	0.0	1.0
2015	groans	1	0.0	0.0	1.0
2016	gripping	1	0.0	0.0	1.0
2017	greeting	1	0.0	0.0	1.0
2018	greens	1	0.0	0.0	1.0
2019	green's	1	0.0	0.0	1.0
2020	green	1	0.0	0.0	1.0
2021	greeks	1	0.0	0.0	1.0
2022	greek	1	0.0	0.0	1.0
2023	greedy	1	0.0	0.0	1.0
2024	great	9	0.0	0.0	1.0
2025	grasp	1	0.0	0.0	1.0
2026	grandson	1	0.0	0.0	1.0
2027	grandmas	1	0.0	0.0	1.0
2028	grammatical	1	0.0	0.0	1.0
2029	grade	1	0.0	0.0	1.0
2030	governor	1	0.0	0.0	1.0
2031	government	1	0.0	0.0	1.0
2032	gotta	2	0.0	0.0	1.0
2033	gorka	1	0.0	0.0	1.0
2034	google	1	0.0	0.0	1.0
2035	gonna	3	0.0	0.0	1.0
2036	goes	1	0.0	0.0	1.0
2037	godard's	1	0.0	0.0	1.0
2038	god	3	0.0	0.0	1.0
2039	goat	2	0.0	0.0	1.0
2040	goal	1	0.0	0.0	1.0
2041	go&gt	1	0.0	0.0	1.0
2042	go	11	0.0	0.0	1.0
2043	globe	1	0.0	0.0	1.0
2044	glitches	1	0.0	0.0	1.0
2045	glad	2	0.0	0.0	1.0
2046	giving	1	0.0	0.0	1.0
2047	give	10	0.0	0.0	1.0
2048	girls&#8221	1	0.0	0.0	1.0
2049	girls	2	0.0	0.0	1.0
2050	girlfriend	1	0.0	0.0	1.0
2051	girl&#8217s	1	0.0	0.0	1.0
2052	girl	2	0.0	0.0	1.0
2053	gifted	1	0.0	0.0	1.0
2054	gift	1	0.0	0.0	1.0
2055	gibson	1	0.0	0.0	1.0
2056	giant	1	0.0	0.0	1.0
2057	ghoulish	1	0.0	0.0	1.0
2058	gf	1	0.0	0.0	1.0
2059	getting	5	0.0	0.0	1.0
2060	gets	3	0.0	0.0	1.0
2061	get-out	1	0.0	0.0	1.0
2062	george	1	0.0	0.0	1.0
2063	gentle	1	0.0	0.0	1.0
2064	genre	2	0.0	0.0	1.0
2065	generally	1	0.0	0.0	1.0
2066	gazing	1	0.0	0.0	1.0
2067	gays	1	0.0	0.0	1.0
2068	gay	1	0.0	0.0	1.0
2069	gave	1	0.0	0.0	1.0
2070	games&#8221	1	0.0	0.0	1.0
2071	games	1	0.0	0.0	1.0
2072	game	6	0.0	0.0	1.0
2073	galaxy	1	0.0	0.0	1.0
2074	gac	1	0.0	0.0	1.0
2075	ga	1	0.0	0.0	1.0
2076	futuristic	1	0.0	0.0	1.0
2077	furious	1	0.0	0.0	1.0
2078	funny	4	0.0	0.0	1.0
2079	functions	1	0.0	0.0	1.0
2080	function	3	0.0	0.0	1.0
2081	fun	3	0.0	0.0	1.0
2082	full	4	0.0	0.0	1.0
2083	fucked	2	0.0	0.0	1.0
2084	frustration	1	0.0	0.0	1.0
2085	front	1	0.0	0.0	1.0
2086	from	30	0.0	0.0	1.0
2087	friendship	1	0.0	0.0	1.0
2088	friends	1	0.0	0.0	1.0
2089	friend	2	0.0	0.0	1.0
2090	fridge	1	0.0	0.0	1.0
2091	friday	2	0.0	0.0	1.0
2092	fresh	1	0.0	0.0	1.0
2093	french	1	0.0	0.0	1.0
2094	free	1	0.0	0.0	1.0
2095	freaking	1	0.0	0.0	1.0
2096	frankly	1	0.0	0.0	1.0
2097	franchise	1	0.0	0.0	1.0
2098	framework	1	0.0	0.0	1.0
2099	fox	1	0.0	0.0	1.0
2100	four	1	0.0	0.0	1.0
2101	found	2	0.0	0.0	1.0
2102	formulaic	1	0.0	0.0	1.0
2103	formula	1	0.0	0.0	1.0
2104	format	1	0.0	0.0	1.0
2105	form	1	0.0	0.0	1.0
2106	forget	1	0.0	0.0	1.0
2107	forced	1	0.0	0.0	1.0
2108	force	1	0.0	0.0	1.0
2109	fools	1	0.0	0.0	1.0
2110	food	1	0.0	0.0	1.0
2111	followers	1	0.0	0.0	1.0
2112	followed	1	0.0	0.0	1.0
2113	follow	1	0.0	0.0	1.0
2114	focus	2	0.0	0.0	1.0
2115	foaming	1	0.0	0.0	1.0
2116	flynn	1	0.0	0.0	1.0
2117	fly-on-the-wall	1	0.0	0.0	1.0
2118	floyd	1	0.0	0.0	1.0
2119	flow	1	0.0	0.0	1.0
2120	florida	1	0.0	0.0	1.0
2121	flock	2	0.0	0.0	1.0
2122	floating	1	0.0	0.0	1.0
2123	flitting	1	0.0	0.0	1.0
2124	flite	1	0.0	0.0	1.0
2125	flip	1	0.0	0.0	1.0
2126	flight	2	0.0	0.0	1.0
2127	flick	1	0.0	0.0	1.0
2128	flattered	1	0.0	0.0	1.0
2129	fizzogg	1	0.0	0.0	1.0
2130	five	1	0.0	0.0	1.0
2131	fisted	1	0.0	0.0	1.0
2132	firms	1	0.0	0.0	1.0
2133	fire	1	0.0	0.0	1.0
2134	finished	1	0.0	0.0	1.0
2135	finest	1	0.0	0.0	1.0
2136	fine:	1	0.0	0.0	1.0
2137	finds	1	0.0	0.0	1.0
2138	finally	2	0.0	0.0	1.0
2139	films	3	0.0	0.0	1.0
2140	filmmakers	1	0.0	0.0	1.0
2141	filmmaker	1	0.0	0.0	1.0
2142	film's	1	0.0	0.0	1.0
2143	film	15	0.0	0.0	1.0
2144	filled	2	0.0	0.0	1.0
2145	fill-in	1	0.0	0.0	1.0
2146	file	2	0.0	0.0	1.0
2147	fil	1	0.0	0.0	1.0
2148	figures	1	0.0	0.0	1.0
2149	fields	2	0.0	0.0	1.0
2150	few	5	0.0	0.0	1.0
2151	fest	1	0.0	0.0	1.0
2152	fence	1	0.0	0.0	1.0
2153	felt	1	0.0	0.0	1.0
2154	fell	1	0.0	0.0	1.0
2155	feels	1	0.0	0.0	1.0
2156	feelings	1	0.0	0.0	1.0
2157	feeds	1	0.0	0.0	1.0
2158	features	1	0.0	0.0	1.0
2159	fd_set	1	0.0	0.0	1.0
2160	fckn	1	0.0	0.0	1.0
2161	favorite	1	0.0	0.0	1.0
2162	fav's#compose	1	0.0	0.0	1.0
2163	fault	1	0.0	0.0	1.0
2164	father	1	0.0	0.0	1.0
2165	fat	3	0.0	0.0	1.0
2166	faster	1	0.0	0.0	1.0
2167	fast	1	0.0	0.0	1.0
2168	fashion	1	0.0	0.0	1.0
2169	farrelly	1	0.0	0.0	1.0
2170	farce	2	0.0	0.0	1.0
2171	fans	2	0.0	0.0	1.0
2172	fancy	2	0.0	0.0	1.0
2173	fanciful	1	0.0	0.0	1.0
2174	fanatics	1	0.0	0.0	1.0
2175	fan	2	0.0	0.0	1.0
2176	family	3	0.0	0.0	1.0
2177	families	1	0.0	0.0	1.0
2178	fall	1	0.0	0.0	1.0
2179	faker	1	0.0	0.0	1.0
2180	faintly	1	0.0	0.0	1.0
2181	fags	1	0.0	0.0	1.0
2182	facts	1	0.0	0.0	1.0
2183	faced	1	0.0	0.0	1.0
2184	facebook	1	0.0	0.0	1.0
2185	f**king	1	0.0	0.0	1.0
2186	extra	1	0.0	0.0	1.0
2187	expose	1	0.0	0.0	1.0
2188	exploration	1	0.0	0.0	1.0
2189	experimental	1	0.0	0.0	1.0
2190	experienced	1	0.0	0.0	1.0
2191	expectations	1	0.0	0.0	1.0
2192	expect	1	0.0	0.0	1.0
2193	exist	2	0.0	0.0	1.0
2194	exhilarating	1	0.0	0.0	1.0
2195	exemplify	1	0.0	0.0	1.0
2196	exclusive	1	0.0	0.0	1.0
2197	exciting	1	0.0	0.0	1.0
2198	excitement	1	0.0	0.0	1.0
2199	excited	3	0.0	0.0	1.0
2200	exception	1	0.0	0.0	1.0
2201	exam	2	0.0	0.0	1.0
2202	ex	1	0.0	0.0	1.0
2203	evocative	1	0.0	0.0	1.0
2204	evincing	1	0.0	0.0	1.0
2205	evil	1	0.0	0.0	1.0
2206	evidence	2	0.0	0.0	1.0
2207	everywhere	1	0.0	0.0	1.0
2208	everything	1	0.0	0.0	1.0
2209	everyone	3	0.0	0.0	1.0
2210	every	6	0.0	0.0	1.0
2211	even	11	0.0	0.0	1.0
2212	evaporation	1	0.0	0.0	1.0
2213	european	1	0.0	0.0	1.0
2214	euphoria	1	0.0	0.0	1.0
2215	eu	1	0.0	0.0	1.0
2216	ethyl	1	0.0	0.0	1.0
2217	ethicalmoral	1	0.0	0.0	1.0
2218	ethel	1	0.0	0.0	1.0
2219	etc	1	0.0	0.0	1.0
2220	estan	1	0.0	0.0	1.0
2221	espn	1	0.0	0.0	1.0
2222	especially	1	0.0	0.0	1.0
2223	escapist	1	0.0	0.0	1.0
2224	errors	1	0.0	0.0	1.0
2225	erica	1	0.0	0.0	1.0
2226	era's	1	0.0	0.0	1.0
2227	episodes	1	0.0	0.0	1.0
2228	epic	2	0.0	0.0	1.0
2229	entrance	1	0.0	0.0	1.0
2230	entity	1	0.0	0.0	1.0
2231	entirely	1	0.0	0.0	1.0
2232	entire	2	0.0	0.0	1.0
2233	enthusiast	1	0.0	0.0	1.0
2234	entertainment	1	0.0	0.0	1.0
2235	entertaining	3	0.0	0.0	1.0
2236	entering	1	0.0	0.0	1.0
2237	ensemble	1	0.0	0.0	1.0
2238	enough	3	0.0	0.0	1.0
2239	enjoying	1	0.0	0.0	1.0
2240	enjoyable	1	0.0	0.0	1.0
2241	enjoy	2	0.0	0.0	1.0
2242	english	2	0.0	0.0	1.0
2243	engaging	1	0.0	0.0	1.0
2244	engages	1	0.0	0.0	1.0
2245	energy	1	0.0	0.0	1.0
2246	endurance	1	0.0	0.0	1.0
2247	encyclopedia	1	0.0	0.0	1.0
2248	encompasses	1	0.0	0.0	1.0
2249	empty	1	0.0	0.0	1.0
2250	emotionally	1	0.0	0.0	1.0
2251	emotional	2	0.0	0.0	1.0
2252	emma	1	0.0	0.0	1.0
2253	email	1	0.0	0.0	1.0
2254	elysian	1	0.0	0.0	1.0
2255	else	1	0.0	0.0	1.0
2256	elitist	1	0.0	0.0	1.0
2257	elements	1	0.0	0.0	1.0
2258	electrons	1	0.0	0.0	1.0
2259	electricity	2	0.0	0.0	1.0
2260	elderly	1	0.0	0.0	1.0
2261	either	1	0.0	0.0	1.0
2262	ehrlich	1	0.0	0.0	1.0
2263	egg	1	0.0	0.0	1.0
2264	efforts	1	0.0	0.0	1.0
2265	efficient	1	0.0	0.0	1.0
2266	effects	3	0.0	0.0	1.0
2267	effect	1	0.0	0.0	1.0
2268	edits	3	0.0	0.0	1.0
2269	editor	1	0.0	0.0	1.0
2270	edit	3	0.0	0.0	1.0
2271	edges	1	0.0	0.0	1.0
2272	economical	1	0.0	0.0	1.0
2273	eccentricity	1	0.0	0.0	1.0
2274	eating	1	0.0	0.0	1.0
2275	eatin	1	0.0	0.0	1.0
2276	eat	2	0.0	0.0	1.0
2277	easy	1	0.0	0.0	1.0
2278	easter-egg-colored	1	0.0	0.0	1.0
2279	early	1	0.0	0.0	1.0
2280	each	5	0.0	0.0	1.0
2281	e-mailed	1	0.0	0.0	1.0
2282	e-mail	1	0.0	0.0	1.0
2283	e	2	0.0	0.0	1.0
2284	dynamic	1	0.0	0.0	1.0
2285	dylan's	1	0.0	0.0	1.0
2286	dying	1	0.0	0.0	1.0
2287	dust	1	0.0	0.0	1.0
2288	during	1	0.0	0.0	1.0
2289	duo	1	0.0	0.0	1.0
2290	dumping	1	0.0	0.0	1.0
2291	dull	3	0.0	0.0	1.0
2292	dude	1	0.0	0.0	1.0
2293	dsm	1	0.0	0.0	1.0
2294	drum	1	0.0	0.0	1.0
2295	drugs	1	0.0	0.0	1.0
2296	dropping	1	0.0	0.0	1.0
2297	dro	1	0.0	0.0	1.0
2298	driving	1	0.0	0.0	1.0
2299	drivers	1	0.0	0.0	1.0
2300	driven	1	0.0	0.0	1.0
2301	drive	1	0.0	0.0	1.0
2302	drinking	1	0.0	0.0	1.0
2303	drillin	1	0.0	0.0	1.0
2304	dreamt	1	0.0	0.0	1.0
2305	dreams	1	0.0	0.0	1.0
2306	dreaming	1	0.0	0.0	1.0
2307	dream	2	0.0	0.0	1.0
2308	dread	1	0.0	0.0	1.0
2309	drawing	1	0.0	0.0	1.0
2310	drake	1	0.0	0.0	1.0
2311	drab	1	0.0	0.0	1.0
2312	dozen	1	0.0	0.0	1.0
2313	download	1	0.0	0.0	1.0
2314	dough	2	0.0	0.0	1.0
2315	doubts	1	0.0	0.0	1.0
2316	double	1	0.0	0.0	1.0
2317	doors	2	0.0	0.0	1.0
2318	door	3	0.0	0.0	1.0
2319	donny	1	0.0	0.0	1.0
2320	done	8	0.0	0.0	1.0
2321	dolls	1	0.0	0.0	1.0
2322	dollar	1	0.0	0.0	1.0
2323	doing	8	0.0	0.0	1.0
2324	dogs	1	0.0	0.0	1.0
2325	doesn't	2	0.0	0.0	1.0
2326	documentary	2	0.0	0.0	1.0
2327	document	1	0.0	0.0	1.0
2328	docu-makers	1	0.0	0.0	1.0
2329	dna	1	0.0	0.0	1.0
2330	distinctive	1	0.0	0.0	1.0
2331	distaste	1	0.0	0.0	1.0
2332	distance	1	0.0	0.0	1.0
2333	dissolution	1	0.0	0.0	1.0
2334	disservice	1	0.0	0.0	1.0
2335	disrupt	1	0.0	0.0	1.0
2336	displeasure	1	0.0	0.0	1.0
2337	display	1	0.0	0.0	1.0
2338	disney	1	0.0	0.0	1.0
2339	dislike	1	0.0	0.0	1.0
2340	disingenuous	1	0.0	0.0	1.0
2341	dishonest	1	0.0	0.0	1.0
2342	dished	1	0.0	0.0	1.0
2343	discussing	2	0.0	0.0	1.0
2344	discs	1	0.0	0.0	1.0
2345	disappointed	2	0.0	0.0	1.0
2346	directed	2	0.0	0.0	1.0
2347	dinner	1	0.0	0.0	1.0
2348	dike-	1	0.0	0.0	1.0
2349	digs	1	0.0	0.0	1.0
2350	difficult	1	0.0	0.0	1.0
2351	different	1	0.0	0.0	1.0
2352	difference	2	0.0	0.0	1.0
2353	didn't	4	0.0	0.0	1.0
2354	dev	1	0.0	0.0	1.0
2355	detriment	1	0.0	0.0	1.0
2356	determine	1	0.0	0.0	1.0
2357	detective	1	0.0	0.0	1.0
2358	despite	3	0.0	0.0	1.0
2359	designed	1	0.0	0.0	1.0
2360	design	2	0.0	0.0	1.0
2361	description	2	0.0	0.0	1.0
2362	describes	1	0.0	0.0	1.0
2363	described	1	0.0	0.0	1.0
2364	describe	1	0.0	0.0	1.0
2365	depressing	1	0.0	0.0	1.0
2366	departure	1	0.0	0.0	1.0
2367	densely	1	0.0	0.0	1.0
2368	dems	1	0.0	0.0	1.0
2369	demonstrate	1	0.0	0.0	1.0
2370	delta	1	0.0	0.0	1.0
2371	delivery	2	0.0	0.0	1.0
2372	delivering	1	0.0	0.0	1.0
2373	delightful	2	0.0	0.0	1.0
2374	delight	1	0.0	0.0	1.0
2375	delicious	1	0.0	0.0	1.0
2376	deletion	1	0.0	0.0	1.0
2377	delete	1	0.0	0.0	1.0
2378	delectable	1	0.0	0.0	1.0
2379	delayed	2	0.0	0.0	1.0
2380	deftly	2	0.0	0.0	1.0
2381	definitely	1	0.0	0.0	1.0
2382	default	1	0.0	0.0	1.0
2383	deeply	1	0.0	0.0	1.0
2384	deep	2	0.0	0.0	1.0
2385	decline	2	0.0	0.0	1.0
2386	declinations	1	0.0	0.0	1.0
2387	declination	1	0.0	0.0	1.0
2388	decision	2	0.0	0.0	1.0
2389	decade	1	0.0	0.0	1.0
2390	debugging	1	0.0	0.0	1.0
2391	death	1	0.0	0.0	1.0
2392	dear	2	0.0	0.0	1.0
2393	deal	1	0.0	0.0	1.0
2394	de	4	0.0	0.0	1.0
2395	days	5	0.0	0.0	1.0
2396	day	10	0.0	0.0	1.0
2397	dawg	1	0.0	0.0	1.0
2398	daughter	4	0.0	0.0	1.0
2399	date	1	0.0	0.0	1.0
2400	data	3	0.0	0.0	1.0
2401	darkskin	1	0.0	0.0	1.0
2402	dannie	1	0.0	0.0	1.0
2403	dangle	1	0.0	0.0	1.0
2404	damn	3	0.0	0.0	1.0
2405	dallas	1	0.0	0.0	1.0
2406	daily	1	0.0	0.0	1.0
2407	daddy	1	0.0	0.0	1.0
2408	da	4	0.0	0.0	1.0
2409	cuz	2	0.0	0.0	1.0
2410	cute	3	0.0	0.0	1.0
2411	curves	1	0.0	0.0	1.0
2412	currently	2	0.0	0.0	1.0
2413	curious	1	0.0	0.0	1.0
2414	cunts	1	0.0	0.0	1.0
2415	cunt	4	0.0	0.0	1.0
2416	culture	1	0.0	0.0	1.0
2417	cultivating	1	0.0	0.0	1.0
2418	ct	1	0.0	0.0	1.0
2419	crouch	1	0.0	0.0	1.0
2420	crossroads	1	0.0	0.0	1.0
2421	crossed	1	0.0	0.0	1.0
2422	critical	1	0.0	0.0	1.0
2423	cricketers	1	0.0	0.0	1.0
2424	creme	1	0.0	0.0	1.0
2425	credits	1	0.0	0.0	1.0
2426	credit	1	0.0	0.0	1.0
2427	credible	1	0.0	0.0	1.0
2428	creator	1	0.0	0.0	1.0
2429	creates	1	0.0	0.0	1.0
2430	cre	1	0.0	0.0	1.0
2431	crash	2	0.0	0.0	1.0
2432	crafted	1	0.0	0.0	1.0
2433	cowardly	1	0.0	0.0	1.0
2434	coward	1	0.0	0.0	1.0
2435	cowan	1	0.0	0.0	1.0
2436	courseness	1	0.0	0.0	1.0
2437	country	2	0.0	0.0	1.0
2438	couldn't	3	0.0	0.0	1.0
2439	coulda	1	0.0	0.0	1.0
2440	could	15	0.0	0.0	1.0
2441	cosas	1	0.0	0.0	1.0
2442	cos	1	0.0	0.0	1.0
2443	correctly	1	0.0	0.0	1.0
2444	corrections	1	0.0	0.0	1.0
2445	correction	1	0.0	0.0	1.0
2446	correct	3	0.0	0.0	1.0
2447	copyrighted	1	0.0	0.0	1.0
2448	cool	1	0.0	0.0	1.0
2449	cooking	2	0.0	0.0	1.0
2450	convincing	1	0.0	0.0	1.0
2451	conversion	1	0.0	0.0	1.0
2452	conversation	1	0.0	0.0	1.0
2453	content	1	0.0	0.0	1.0
2454	contemporary	1	0.0	0.0	1.0
2455	contain	1	0.0	0.0	1.0
2456	construction	1	0.0	0.0	1.0
2457	constructed	1	0.0	0.0	1.0
2458	console	2	0.0	0.0	1.0
2459	considered	1	0.0	0.0	1.0
2460	consequences	1	0.0	0.0	1.0
2461	consensus	1	0.0	0.0	1.0
2462	conscience	1	0.0	0.0	1.0
2463	connect	2	0.0	0.0	1.0
2464	congressman's	1	0.0	0.0	1.0
2465	congrats	3	0.0	0.0	1.0
2466	confusions	1	0.0	0.0	1.0
2467	confirming	1	0.0	0.0	1.0
2468	confines	1	0.0	0.0	1.0
2469	conditions	1	0.0	0.0	1.0
2470	condition	1	0.0	0.0	1.0
2471	concoction	1	0.0	0.0	1.0
2472	concert	1	0.0	0.0	1.0
2473	conception	1	0.0	0.0	1.0
2474	comprehensible	1	0.0	0.0	1.0
2475	completely	1	0.0	0.0	1.0
2476	complements	1	0.0	0.0	1.0
2477	compete	1	0.0	0.0	1.0
2478	compelling	4	0.0	0.0	1.0
2479	compare	1	0.0	0.0	1.0
2480	como	1	0.0	0.0	1.0
2481	community	2	0.0	0.0	1.0
2482	common	1	0.0	0.0	1.0
2483	commit	1	0.0	0.0	1.0
2484	comment	3	0.0	0.0	1.0
2485	coming-of-age	1	0.0	0.0	1.0
2486	coming	1	0.0	0.0	1.0
2487	comic-strip	1	0.0	0.0	1.0
2488	comfortably	1	0.0	0.0	1.0
2489	comfortable	1	0.0	0.0	1.0
2490	comes	3	0.0	0.0	1.0
2491	comedy	6	0.0	0.0	1.0
2492	comedian	1	0.0	0.0	1.0
2493	comb	1	0.0	0.0	1.0
2494	colorful	1	0.0	0.0	1.0
2495	college	2	0.0	0.0	1.0
2496	coffee	1	0.0	0.0	1.0
2497	coding	1	0.0	0.0	1.0
2498	code	6	0.0	0.0	1.0
2499	coated	1	0.0	0.0	1.0
2500	co-stars	1	0.0	0.0	1.0
2501	cnn's	1	0.0	0.0	1.0
2502	clutch	1	0.0	0.0	1.0
2503	clout	1	0.0	0.0	1.0
2504	closed	2	0.0	0.0	1.0
2505	close	2	0.0	0.0	1.0
2506	clock	1	0.0	0.0	1.0
2507	clique	1	0.0	0.0	1.0
2508	cliche	1	0.0	0.0	1.0
2509	clearing	1	0.0	0.0	1.0
2510	clear	2	0.0	0.0	1.0
2511	classic	1	0.0	0.0	1.0
2512	class()`	1	0.0	0.0	1.0
2513	class	1	0.0	0.0	1.0
2514	clarify	1	0.0	0.0	1.0
2515	clarified	1	0.0	0.0	1.0
2516	clapper	1	0.0	0.0	1.0
2517	claiming	1	0.0	0.0	1.0
2518	claimin	1	0.0	0.0	1.0
2519	claim	1	0.0	0.0	1.0
2520	city	1	0.0	0.0	1.0
2521	cite	1	0.0	0.0	1.0
2522	citation	2	0.0	0.0	1.0
2523	church	2	0.0	0.0	1.0
2524	chriso	1	0.0	0.0	1.0
2525	choruses	1	0.0	0.0	1.0
2526	choirs	1	0.0	0.0	1.0
2527	chocolate	1	0.0	0.0	1.0
2528	chips	1	0.0	0.0	1.0
2529	china	1	0.0	0.0	1.0
2530	chili	1	0.0	0.0	1.0
2531	children	2	0.0	0.0	1.0
2532	childish	2	0.0	0.0	1.0
2533	chides	1	0.0	0.0	1.0
2534	chicken	1	0.0	0.0	1.0
2535	chick	1	0.0	0.0	1.0
2536	chicago	1	0.0	0.0	1.0
2537	chess	1	0.0	0.0	1.0
2538	chelsea	1	0.0	0.0	1.0
2539	chebiyshev	1	0.0	0.0	1.0
2540	chases	1	0.0	0.0	1.0
2541	chase	1	0.0	0.0	1.0
2542	chars	1	0.0	0.0	1.0
2543	charming	2	0.0	0.0	1.0
2544	charm	1	0.0	0.0	1.0
2545	characters	3	0.0	0.0	1.0
2546	character	1	0.0	0.0	1.0
2547	channel	3	0.0	0.0	1.0
2548	changer	1	0.0	0.0	1.0
2549	change	3	0.0	0.0	1.0
2550	chance	2	0.0	0.0	1.0
2551	chamber	1	0.0	0.0	1.0
2552	challenge-hungry	1	0.0	0.0	1.0
2553	challenge	1	0.0	0.0	1.0
2554	chain	1	0.0	0.0	1.0
2555	chaey	1	0.0	0.0	1.0
2556	chabrol	1	0.0	0.0	1.0
2557	certifications	1	0.0	0.0	1.0
2558	certain	1	0.0	0.0	1.0
2559	cersei	1	0.0	0.0	1.0
2560	cept	1	0.0	0.0	1.0
2561	central	3	0.0	0.0	1.0
2562	celluloid	1	0.0	0.0	1.0
2563	cell	1	0.0	0.0	1.0
2564	celebration	1	0.0	0.0	1.0
2565	ceeeleeeman	1	0.0	0.0	1.0
2566	cause	3	0.0	0.0	1.0
2567	cats	2	0.0	0.0	1.0
2568	catfish	1	0.0	0.0	1.0
2569	category	2	0.0	0.0	1.0
2570	catching	1	0.0	0.0	1.0
2571	catch	1	0.0	0.0	1.0
2572	catacombs	1	0.0	0.0	1.0
2573	casual	1	0.0	0.0	1.0
2574	casting	1	0.0	0.0	1.0
2575	cashback	1	0.0	0.0	1.0
2576	cash-in	1	0.0	0.0	1.0
2577	cash	2	0.0	0.0	1.0
2578	case	1	0.0	0.0	1.0
2579	cartoonish	1	0.0	0.0	1.0
2580	cart	1	0.0	0.0	1.0
2581	cars	1	0.0	0.0	1.0
2582	cares	2	0.0	0.0	1.0
2583	career-spanning	1	0.0	0.0	1.0
2584	card	2	0.0	0.0	1.0
2585	car	5	0.0	0.0	1.0
2586	capture	1	0.0	0.0	1.0
2587	cap	1	0.0	0.0	1.0
2588	cant	1	0.0	0.0	1.0
2589	candid	1	0.0	0.0	1.0
2590	cancel	1	0.0	0.0	1.0
2591	camp	2	0.0	0.0	1.0
2592	cameras	1	0.0	0.0	1.0
2593	calls	3	0.0	0.0	1.0
2594	calling	1	0.0	0.0	1.0
2595	calculated	1	0.0	0.0	1.0
2596	caffeine	1	0.0	0.0	1.0
2597	c-130	1	0.0	0.0	1.0
2598	c	2	0.0	0.0	1.0
2599	bye	1	0.0	0.0	1.0
2600	buy	3	0.0	0.0	1.0
2601	buuuuuut	1	0.0	0.0	1.0
2602	button	1	0.0	0.0	1.0
2603	butterscotch	1	0.0	0.0	1.0
2604	but	49	0.0	0.0	1.0
2605	business	2	0.0	0.0	1.0
2606	bushno	1	0.0	0.0	1.0
2607	bush	1	0.0	0.0	1.0
2608	bus	2	0.0	0.0	1.0
2609	burbs	1	0.0	0.0	1.0
2610	bumper	1	0.0	0.0	1.0
2611	built	1	0.0	0.0	1.0
2612	building	1	0.0	0.0	1.0
2613	build	2	0.0	0.0	1.0
2614	bug	1	0.0	0.0	1.0
2615	buddy	1	0.0	0.0	1.0
2616	brutally	1	0.0	0.0	1.0
2617	brunt	1	0.0	0.0	1.0
2618	bruh	2	0.0	0.0	1.0
2619	bruce	1	0.0	0.0	1.0
2620	bros	1	0.0	0.0	1.0
2621	broken	2	0.0	0.0	1.0
2622	broadcast	1	0.0	0.0	1.0
2623	bro	2	0.0	0.0	1.0
2624	british	1	0.0	0.0	1.0
2625	bring	1	0.0	0.0	1.0
2626	brilliantly	1	0.0	0.0	1.0
2627	brilliant	2	0.0	0.0	1.0
2628	brightest	1	0.0	0.0	1.0
2629	bride	1	0.0	0.0	1.0
2630	breath	1	0.0	0.0	1.0
2631	brand	2	0.0	0.0	1.0
2632	bozo	1	0.0	0.0	1.0
2633	boys	2	0.0	0.0	1.0
2634	boy'	1	0.0	0.0	1.0
2635	bowl	1	0.0	0.0	1.0
2636	bout	3	0.0	0.0	1.0
2637	both	5	0.0	0.0	1.0
2638	boston	1	0.0	0.0	1.0
2639	books	1	0.0	0.0	1.0
2640	book	1	0.0	0.0	1.0
2641	bonus	1	0.0	0.0	1.0
2642	bogdanovich	1	0.0	0.0	1.0
2643	bobby	1	0.0	0.0	1.0
2644	bob	1	0.0	0.0	1.0
2645	board	1	0.0	0.0	1.0
2646	bo	1	0.0	0.0	1.0
2647	blush	1	0.0	0.0	1.0
2648	blog	3	0.0	0.0	1.0
2649	blocks	1	0.0	0.0	1.0
2650	blitzer	1	0.0	0.0	1.0
2651	bliss-less	1	0.0	0.0	1.0
2652	blend	3	0.0	0.0	1.0
2653	blatant	1	0.0	0.0	1.0
2654	blah	3	0.0	0.0	1.0
2655	black	1	0.0	0.0	1.0
2656	bitterness	1	0.0	0.0	1.0
2657	bitches	11	0.0	0.0	1.0
2658	bit	4	0.0	0.0	1.0
2659	birthday	3	0.0	0.0	1.0
2660	birds	2	0.0	0.0	1.0
2661	bic&gt	1	0.0	0.0	1.0
2662	bible	1	0.0	0.0	1.0
2663	beyond	2	0.0	0.0	1.0
2664	between	2	0.0	0.0	1.0
2665	better	3	0.0	0.0	1.0
2666	benjamins	1	0.0	0.0	1.0
2667	benihana	1	0.0	0.0	1.0
2668	benigni's	1	0.0	0.0	1.0
2669	beneath	1	0.0	0.0	1.0
2670	bemoaning	1	0.0	0.0	1.0
2671	belong	2	0.0	0.0	1.0
2672	believe	1	0.0	0.0	1.0
2673	being	12	0.0	0.0	1.0
2674	behold	1	0.0	0.0	1.0
2675	behind	2	0.0	0.0	1.0
2676	behavour	1	0.0	0.0	1.0
2677	behaved	1	0.0	0.0	1.0
2678	beguiling	1	0.0	0.0	1.0
2679	begin	1	0.0	0.0	1.0
2680	beggin'	1	0.0	0.0	1.0
2681	before#morning	1	0.0	0.0	1.0
2682	before	4	0.0	0.0	1.0
2683	been	14	0.0	0.0	1.0
2684	becoming	1	0.0	0.0	1.0
2685	becomes	1	0.0	0.0	1.0
2686	become	1	0.0	0.0	1.0
2687	because	8	0.0	0.0	1.0
2688	beautifully	1	0.0	0.0	1.0
2689	beautiful	5	0.0	0.0	1.0
2690	beats	1	0.0	0.0	1.0
2691	bearded	1	0.0	0.0	1.0
2692	bcci	1	0.0	0.0	1.0
2693	bby	1	0.0	0.0	1.0
2694	battering	1	0.0	0.0	1.0
2695	batter	2	0.0	0.0	1.0
2696	bath	1	0.0	0.0	1.0
2697	basically	1	0.0	0.0	1.0
2698	basic	1	0.0	0.0	1.0
2699	based	1	0.0	0.0	1.0
2700	baseball	2	0.0	0.0	1.0
2701	bars	1	0.0	0.0	1.0
2702	barrie's	1	0.0	0.0	1.0
2703	barely	1	0.0	0.0	1.0
2704	bare	2	0.0	0.0	1.0
2705	bar	1	0.0	0.0	1.0
2706	banned	1	0.0	0.0	1.0
2707	bandit	1	0.0	0.0	1.0
2708	bananas	1	0.0	0.0	1.0
2709	balls	1	0.0	0.0	1.0
2710	balances	1	0.0	0.0	1.0
2711	bags	1	0.0	0.0	1.0
2712	bag	1	0.0	0.0	1.0
2713	baddest	1	0.0	0.0	1.0
2714	backstreet's	1	0.0	0.0	1.0
2715	backstreet	1	0.0	0.0	1.0
2716	backs	1	0.0	0.0	1.0
2717	baby	2	0.0	0.0	1.0
2718	babies	1	0.0	0.0	1.0
2719	b&ampw	1	0.0	0.0	1.0
2720	b&#8230	1	0.0	0.0	1.0
2721	b	2	0.0	0.0	1.0
2722	a~hole	1	0.0	0.0	1.0
2723	azure	1	0.0	0.0	1.0
2724	ax	1	0.0	0.0	1.0
2725	awfully	1	0.0	0.0	1.0
2726	awful	2	0.0	0.0	1.0
2727	awe	1	0.0	0.0	1.0
2728	away	3	0.0	0.0	1.0
2729	aw	1	0.0	0.0	1.0
2730	aversion	2	0.0	0.0	1.0
2731	average	1	0.0	0.0	1.0
2732	avengers	1	0.0	0.0	1.0
2733	autodesk's	1	0.0	0.0	1.0
2734	autocad	1	0.0	0.0	1.0
2735	auto-pilot	1	0.0	0.0	1.0
2736	auntie	1	0.0	0.0	1.0
2737	august	1	0.0	0.0	1.0
2738	audience-abuse	1	0.0	0.0	1.0
2739	audience	2	0.0	0.0	1.0
2740	audacious	1	0.0	0.0	1.0
2741	attribute	1	0.0	0.0	1.0
2742	attention	1	0.0	0.0	1.0
2743	attempts	1	0.0	0.0	1.0
2744	attacked	1	0.0	0.0	1.0
2745	astronaut	1	0.0	0.0	1.0
2746	astounded	1	0.0	0.0	1.0
2747	astonishingly	1	0.0	0.0	1.0
2748	assure	1	0.0	0.0	1.0
2749	assuming	1	0.0	0.0	1.0
2750	asshole	1	0.0	0.0	1.0
2751	asleep	1	0.0	0.0	1.0
2752	asking	1	0.0	0.0	1.0
2753	ask	2	0.0	0.0	1.0
2754	asian	1	0.0	0.0	1.0
2755	arts	3	0.0	0.0	1.0
2756	articles	2	0.0	0.0	1.0
2757	artfully	1	0.0	0.0	1.0
2758	artful	1	0.0	0.0	1.0
2759	art	1	0.0	0.0	1.0
2760	arrogant	1	0.0	0.0	1.0
2761	arrogance	1	0.0	0.0	1.0
2762	arrived	1	0.0	0.0	1.0
2763	array	1	0.0	0.0	1.0
2764	arrangement	1	0.0	0.0	1.0
2765	around	5	0.0	0.0	1.0
2766	argue	1	0.0	0.0	1.0
2767	aren't	1	0.0	0.0	1.0
2768	arcgis	1	0.0	0.0	1.0
2769	april	1	0.0	0.0	1.0
2770	appropriately	1	0.0	0.0	1.0
2771	appropriate	1	0.0	0.0	1.0
2772	approach	1	0.0	0.0	1.0
2773	applied	1	0.0	0.0	1.0
2774	apple	1	0.0	0.0	1.0
2775	appetite	1	0.0	0.0	1.0
2776	appear	1	0.0	0.0	1.0
2777	apparently	2	0.0	0.0	1.0
2778	apologies	1	0.0	0.0	1.0
2779	api	2	0.0	0.0	1.0
2780	anyways	1	0.0	0.0	1.0
2781	anything	3	0.0	0.0	1.0
2782	anyone	2	0.0	0.0	1.0
2783	anymore	1	0.0	0.0	1.0
2784	anybody	1	0.0	0.0	1.0
2785	any	12	0.0	0.0	1.0
2786	anticipate	1	0.0	0.0	1.0
2787	anti-darwinian	1	0.0	0.0	1.0
2788	anti	1	0.0	0.0	1.0
2789	anthems	1	0.0	0.0	1.0
2790	anthem	1	0.0	0.0	1.0
2791	answers	1	0.0	0.0	1.0
2792	answered	1	0.0	0.0	1.0
2793	answer	3	0.0	0.0	1.0
2794	another	9	0.0	0.0	1.0
2795	announcing	1	0.0	0.0	1.0
2796	anniversary	1	0.0	0.0	1.0
2797	animated	1	0.0	0.0	1.0
2798	angry	1	0.0	0.0	1.0
2799	angels	1	0.0	0.0	1.0
2800	angel	2	0.0	0.0	1.0
2801	anew	1	0.0	0.0	1.0
2802	anchor	1	0.0	0.0	1.0
2803	anatomy	1	0.0	0.0	1.0
2804	anal	1	0.0	0.0	1.0
2805	amongst	1	0.0	0.0	1.0
2806	among	2	0.0	0.0	1.0
2807	ammendment	1	0.0	0.0	1.0
2808	american	4	0.0	0.0	1.0
2809	ambitious	1	0.0	0.0	1.0
2810	ambiguity	1	0.0	0.0	1.0
2811	amazing	2	0.0	0.0	1.0
2812	amateur	1	0.0	0.0	1.0
2813	am	11	0.0	0.0	1.0
2814	always	7	0.0	0.0	1.0
2815	although	1	0.0	0.0	1.0
2816	also	1	0.0	0.0	1.0
2817	already	4	0.0	0.0	1.0
2818	alot	1	0.0	0.0	1.0
2819	along	3	0.0	0.0	1.0
2820	alonei	1	0.0	0.0	1.0
2821	alone	2	0.0	0.0	1.0
2822	almost	1	0.0	0.0	1.0
2823	allstar	1	0.0	0.0	1.0
2824	allow	1	0.0	0.0	1.0
2825	allhaha	1	0.0	0.0	1.0
2826	allah'	1	0.0	0.0	1.0
2827	all)	1	0.0	0.0	1.0
2828	all	29	0.0	0.0	1.0
2829	alive	1	0.0	0.0	1.0
2830	algorithm	3	0.0	0.0	1.0
2831	alexis	1	0.0	0.0	1.0
2832	alex	1	0.0	0.0	1.0
2833	alas	1	0.0	0.0	1.0
2834	alarming	1	0.0	0.0	1.0
2835	alarm	1	0.0	0.0	1.0
2836	al-baghdadi	1	0.0	0.0	1.0
2837	ahhh	1	0.0	0.0	1.0
2838	ahead	1	0.0	0.0	1.0
2839	agenda	1	0.0	0.0	1.0
2840	againit's	1	0.0	0.0	1.0
2841	again'	1	0.0	0.0	1.0
2842	after-school	1	0.0	0.0	1.0
2843	after	4	0.0	0.0	1.0
2844	african	2	0.0	0.0	1.0
2845	africa	2	0.0	0.0	1.0
2846	afraid	1	0.0	0.0	1.0
2847	affecting	1	0.0	0.0	1.0
2848	affected	1	0.0	0.0	1.0
2849	afd	1	0.0	0.0	1.0
2850	aesthetics	1	0.0	0.0	1.0
2851	advice	1	0.0	0.0	1.0
2852	advert	1	0.0	0.0	1.0
2853	adventure	1	0.0	0.0	1.0
2854	adult	1	0.0	0.0	1.0
2855	adorable	1	0.0	0.0	1.0
2856	adopted	1	0.0	0.0	1.0
2857	admits	1	0.0	0.0	1.0
2858	admire	1	0.0	0.0	1.0
2859	admin:	1	0.0	0.0	1.0
2860	admin	1	0.0	0.0	1.0
2861	adding	1	0.0	0.0	1.0
2862	add	3	0.0	0.0	1.0
2863	adapting	1	0.0	0.0	1.0
2864	adaptation	3	0.0	0.0	1.0
2865	actually	2	0.0	0.0	1.0
2866	actual	3	0.0	0.0	1.0
2867	acts	1	0.0	0.0	1.0
2868	actors	1	0.0	0.0	1.0
2869	actor	1	0.0	0.0	1.0
2870	actionswhat	1	0.0	0.0	1.0
2871	action-filled	1	0.0	0.0	1.0
2872	action	3	0.0	0.0	1.0
2873	acted	1	0.0	0.0	1.0
2874	acres	1	0.0	0.0	1.0
2875	accorsi	1	0.0	0.0	1.0
2876	according	2	0.0	0.0	1.0
2877	accomplishment	1	0.0	0.0	1.0
2878	acceptable	1	0.0	0.0	1.0
2879	accept	2	0.0	0.0	1.0
2880	abuse	1	0.0	0.0	1.0
2881	absurdity	1	0.0	0.0	1.0
2882	absurdist	1	0.0	0.0	1.0
2883	absolutely	2	0.0	0.0	1.0
2884	about#creaturedoublefeature	1	0.0	0.0	1.0
2885	about	30	0.0	0.0	1.0
2886	able	3	0.0	0.0	1.0
2887	abate	1	0.0	0.0	1.0
2888	abandon	1	0.0	0.0	1.0
2889	`val`	1	0.0	0.0	1.0
2890	`tostring`	1	0.0	0.0	1.0
2891	`theme_get_setting('logo_path'	1	0.0	0.0	1.0
2892	`strtol`	2	0.0	0.0	1.0
2893	`new	1	0.0	0.0	1.0
2894	`get_simps(get_simps(20))`	1	0.0	0.0	1.0
2895	`atoi`	2	0.0	0.0	1.0
2896	``	1	0.0	0.0	1.0
2897	`<img	1	0.0	0.0	1.0
2898	`1	1	0.0	0.0	1.0
2899	`	1	0.0	0.0	1.0
2900	_o	1	0.0	0.0	1.0
2901	[osstmm](http://wwwisecomorg/osstmm/)	1	0.0	0.0	1.0
2902	[4/7]	1	0.0	0.0	1.0
2903	[1/2]	2	0.0	0.0	1.0
2904	@yg	1	0.0	0.0	1.0
2905	@yes_yes117:	1	0.0	0.0	1.0
2906	@whatsashirt	1	0.0	0.0	1.0
2907	@wengzyjb	1	0.0	0.0	1.0
2908	@vonshayeb	1	0.0	0.0	1.0
2909	@usmc	1	0.0	0.0	1.0
2910	@unesco	1	0.0	0.0	1.0
2911	@ubiqsmart	1	0.0	0.0	1.0
2912	@uber	1	0.0	0.0	1.0
2913	@turdjerguson	1	0.0	0.0	1.0
2914	@troyesivan	1	0.0	0.0	1.0
2915	@toulababy	1	0.0	0.0	1.0
2916	@torridfashion	1	0.0	0.0	1.0
2917	@timcroberts	1	0.0	0.0	1.0
2918	@thompson_era	1	0.0	0.0	1.0
2919	@thomasewoods	1	0.0	0.0	1.0
2920	@theview	1	0.0	0.0	1.0
2921	@thedemocrats	1	0.0	0.0	1.0
2922	@thealexpeace	1	0.0	0.0	1.0
2923	@taylorraystweet	1	0.0	0.0	1.0
2924	@tanishalixpussy:	1	0.0	0.0	1.0
2925	@taapsee	1	0.0	0.0	1.0
2926	@t_elmarauder:	1	0.0	0.0	1.0
2927	@svante	1	0.0	0.0	1.0
2928	@supervaluirl	1	0.0	0.0	1.0
2929	@stuartharker1	1	0.0	0.0	1.0
2930	@stevebakerhw	1	0.0	0.0	1.0
2931	@sruhle	1	0.0	0.0	1.0
2932	@softytwt	1	0.0	0.0	1.0
2933	@shibexd	1	0.0	0.0	1.0
2934	@shenikaroberts:	1	0.0	0.0	1.0
2935	@shantaughther:	1	0.0	0.0	1.0
2936	@shanafin34	1	0.0	0.0	1.0
2937	@salacioussully	1	0.0	0.0	1.0
2938	@runrunraygun:	1	0.0	0.0	1.0
2939	@rollyup23:	1	0.0	0.0	1.0
2940	@roblockk:	1	0.0	0.0	1.0
2941	@robertcrayband	1	0.0	0.0	1.0
2942	@rickysnecklace	1	0.0	0.0	1.0
2943	@rickhoffman_	1	0.0	0.0	1.0
2944	@realdonaldtrump	1	0.0	0.0	1.0
2945	@ravishastriofc	1	0.0	0.0	1.0
2946	@rainbow6game	1	0.0	0.0	1.0
2947	@r9rai	1	0.0	0.0	1.0
2948	@professorf	1	0.0	0.0	1.0
2949	@popstufs3	1	0.0	0.0	1.0
2950	@patsfanjoe32:	1	0.0	0.0	1.0
2951	@parkermolloy	1	0.0	0.0	1.0
2952	@orbeaucustomer	1	0.0	0.0	1.0
2953	@optimusodd	1	0.0	0.0	1.0
2954	@olark	2	0.0	0.0	1.0
2955	@nswrl	1	0.0	0.0	1.0
2956	@nigeldixon1	1	0.0	0.0	1.0
2957	@nickiminaj:	1	0.0	0.0	1.0
2958	@nextofficial	1	0.0	0.0	1.0
2959	@newsbykatherine	1	0.0	0.0	1.0
2960	@newday	1	0.0	0.0	1.0
2961	@nbcnews	1	0.0	0.0	1.0
2962	@nancypelosi	1	0.0	0.0	1.0
2963	@musicyyc	1	0.0	0.0	1.0
2964	@mtbornnard	1	0.0	0.0	1.0
2965	@mtailor	1	0.0	0.0	1.0
2966	@msnbc	1	0.0	0.0	1.0
2967	@mrsglessman	1	0.0	0.0	1.0
2968	@mrjamesob	1	0.0	0.0	1.0
2969	@morninggloria	1	0.0	0.0	1.0
2970	@militarytimes	1	0.0	0.0	1.0
2971	@mikethalassitis	1	0.0	0.0	1.0
2972	@michelleobama	1	0.0	0.0	1.0
2973	@mediaite	1	0.0	0.0	1.0
2974	@mbna	1	0.0	0.0	1.0
2975	@mashable	2	0.0	0.0	1.0
2976	@markrduckett	1	0.0	0.0	1.0
2977	@marcdeacon_	1	0.0	0.0	1.0
2978	@ma_bisson	1	0.0	0.0	1.0
2979	@loveisland	2	0.0	0.0	1.0
2980	@lissetelisa:	1	0.0	0.0	1.0
2981	@liquorface	1	0.0	0.0	1.0
2982	@leahremini	1	0.0	0.0	1.0
2983	@lbc	1	0.0	0.0	1.0
2984	@law_newz	1	0.0	0.0	1.0
2985	@lala	1	0.0	0.0	1.0
2986	@la2024	1	0.0	0.0	1.0
2987	@kfile	1	0.0	0.0	1.0
2988	@keirsimmons	1	0.0	0.0	1.0
2989	@kcjhoop	1	0.0	0.0	1.0
2990	@jusdahl	1	0.0	0.0	1.0
2991	@joysparklebs	1	0.0	0.0	1.0
2992	@joycemeyer	1	0.0	0.0	1.0
2993	@joservmirez	1	0.0	0.0	1.0
2994	@jonlovett	1	0.0	0.0	1.0
2995	@jonkarl	1	0.0	0.0	1.0
2996	@johnmilley58	1	0.0	0.0	1.0
2997	@johnmayer	1	0.0	0.0	1.0
2998	@joebudden:	1	0.0	0.0	1.0
2999	@jim_mccloskey:	1	0.0	0.0	1.0
3000	@jackruff4	1	0.0	0.0	1.0
3001	@itv2	1	0.0	0.0	1.0
3002	@itsdesha__:	1	0.0	0.0	1.0
3003	@insanity_lady	1	0.0	0.0	1.0
3004	@imtoblame	1	0.0	0.0	1.0
3005	@iampikey	1	0.0	0.0	1.0
3006	@iam_kandiraven:	1	0.0	0.0	1.0
3007	@i_am_bumface	1	0.0	0.0	1.0
3008	@holbornlolz	1	0.0	0.0	1.0
3009	@high	1	0.0	0.0	1.0
3010	@hificlub	1	0.0	0.0	1.0
3011	@haystravel	1	0.0	0.0	1.0
3012	@hatzepueh	1	0.0	0.0	1.0
3013	@halliejackson	1	0.0	0.0	1.0
3014	@h0lliejburrows	1	0.0	0.0	1.0
3015	@gunghoindallas	1	0.0	0.0	1.0
3016	@girlthatsvonte:	1	0.0	0.0	1.0
3017	@girltalk26:	1	0.0	0.0	1.0
3018	@ginoceno	1	0.0	0.0	1.0
3019	@gawker:	1	0.0	0.0	1.0
3020	@garfieldlineker	1	0.0	0.0	1.0
3021	@freemanstanzan2	1	0.0	0.0	1.0
3022	@freebeacon	1	0.0	0.0	1.0
3023	@foodfromthesky	1	0.0	0.0	1.0
3024	@ffigurefbust	1	0.0	0.0	1.0
3025	@f1	1	0.0	0.0	1.0
3026	@enews	1	0.0	0.0	1.0
3027	@emtucifor:	1	0.0	0.0	1.0
3028	@elegantlywasted	1	0.0	0.0	1.0
3029	@ehtesham_toi	1	0.0	0.0	1.0
3030	@dukeofzamunda	1	0.0	0.0	1.0
3031	@dom_conlon	1	0.0	0.0	1.0
3032	@dnc	1	0.0	0.0	1.0
3033	@djsir_freshley	1	0.0	0.0	1.0
3034	@discoverdelicio	1	0.0	0.0	1.0
3035	@dfkinlopes:	1	0.0	0.0	1.0
3036	@dem_lips_tho	1	0.0	0.0	1.0
3037	@delta	1	0.0	0.0	1.0
3038	@deejay138:	1	0.0	0.0	1.0
3039	@darealquitam	1	0.0	0.0	1.0
3040	@d_palomino52	1	0.0	0.0	1.0
3041	@collegefession:	1	0.0	0.0	1.0
3042	@colin	1	0.0	0.0	1.0
3043	@cocalove_:	1	0.0	0.0	1.0
3044	@cnn	2	0.0	0.0	1.0
3045	@cmdr_hadfield	1	0.0	0.0	1.0
3046	@cjsw	1	0.0	0.0	1.0
3047	@cjc9boss	1	0.0	0.0	1.0
3048	@chvmpagne:	1	0.0	0.0	1.0
3049	@chelseaclinton	1	0.0	0.0	1.0
3050	@chasejarvis	1	0.0	0.0	1.0
3051	@cdashray	1	0.0	0.0	1.0
3052	@cbcmusic	1	0.0	0.0	1.0
3053	@carolinesandall	1	0.0	0.0	1.0
3054	@capodaasshole	1	0.0	0.0	1.0
3055	@callmekarizma	1	0.0	0.0	1.0
3056	@britmerc69	1	0.0	0.0	1.0
3057	@brennan_pb	1	0.0	0.0	1.0
3058	@breakoutwest	1	0.0	0.0	1.0
3059	@borisjohnson	1	0.0	0.0	1.0
3060	@bloggerboxing:	1	0.0	0.0	1.0
3061	@blacknerdjade:	1	0.0	0.0	1.0
3062	@billmoyershq	1	0.0	0.0	1.0
3063	@bernadetteally	1	0.0	0.0	1.0
3064	@becofthekop	1	0.0	0.0	1.0
3065	@bbcbreaking	1	0.0	0.0	1.0
3066	@barackobama	1	0.0	0.0	1.0
3067	@ayostew_	1	0.0	0.0	1.0
3068	@awardsdaily	1	0.0	0.0	1.0
3069	@austin_j_powers	1	0.0	0.0	1.0
3070	@aroundtherings	1	0.0	0.0	1.0
3071	@apinknumjoo	1	0.0	0.0	1.0
3072	@annakingradio	1	0.0	0.0	1.0
3073	@angrydwarf9	1	0.0	0.0	1.0
3074	@amexuk	1	0.0	0.0	1.0
3075	@amber02150	1	0.0	0.0	1.0
3076	@allyiahsface	1	0.0	0.0	1.0
3077	@alissanutting	1	0.0	0.0	1.0
3078	@aleofatime	1	0.0	0.0	1.0
3079	@alejandro_bihhh	1	0.0	0.0	1.0
3080	@alatrice16	1	0.0	0.0	1.0
3081	@abc	1	0.0	0.0	1.0
3082	@__brighterdays:	1	0.0	0.0	1.0
3083	@7aidualc9	1	0.0	0.0	1.0
3084	@3lectric5heep	1	0.0	0.0	1.0
3085	@187xo_	1	0.0	0.0	1.0
3086	@	3	0.0	0.0	1.0
3087	=	1	0.0	0.0	1.0
3088	<person>	1	0.0	0.0	1.0
3089	:d	1	0.0	0.0	1.0
3090	:-)	1	0.0	0.0	1.0
3091	:)me	1	0.0	0.0	1.0
3092	:)	4	0.0	0.0	1.0
3093	:(	1	0.0	0.0	1.0
3094	:	3	0.0	0.0	1.0
3095	93	1	0.0	0.0	1.0
3096	8:13the	1	0.0	0.0	1.0
3097	89	1	0.0	0.0	1.0
3098	8613823297	2	0.0	0.0	1.0
3099	7:30pm	1	0.0	0.0	1.0
3100	7:22	1	0.0	0.0	1.0
3101	51	1	0.0	0.0	1.0
3102	50	2	0.0	0.0	1.0
3103	5	4	0.0	0.0	1.0
3104	4189	1	0.0	0.0	1.0
3105	400	1	0.0	0.0	1.0
3106	4	7	0.0	0.0	1.0
3107	3some	1	0.0	0.0	1.0
3108	32:11	1	0.0	0.0	1.0
3109	30	3	0.0	0.0	1.0
3110	3	3	0.0	0.0	1.0
3111	2|206|when	1	0.0	0.0	1.0
3112	2nd	1	0.0	0.0	1.0
3113	2faces	1	0.0	0.0	1.0
3114	2`	1	0.0	0.0	1.0
3115	24	1	0.0	0.0	1.0
3116	2017	1	0.0	0.0	1.0
3117	2014	2	0.0	0.0	1.0
3118	2004	1	0.0	0.0	1.0
3119	2002	1	0.0	0.0	1.0
3120	20%	1	0.0	0.0	1.0
3121	2	1	0.0	0.0	1.0
3122	1st	1	0.0	0.0	1.0
3123	1:30	1	0.0	0.0	1.0
3124	1:10	1	0.0	0.0	1.0
3125	19:14you	1	0.0	0.0	1.0
3126	1980's	1	0.0	0.0	1.0
3127	1873	1	0.0	0.0	1.0
3128	1500	1	0.0	0.0	1.0
3129	15	1	0.0	0.0	1.0
3130	13	1	0.0	0.0	1.0
3131	12	2	0.0	0.0	1.0
3132	11:00	1	0.0	0.0	1.0
3133	1010	1	0.0	0.0	1.0
3134	10	2	0.0	0.0	1.0
3135	1/if	1	0.0	0.0	1.0
3136	1	1	0.0	0.0	1.0
3137	/>`	1	0.0	0.0	1.0
3138	/	2	0.0	0.0	1.0
3139	-@sounds_good_bro	1	0.0	0.0	1.0
3140	-1:	1	0.0	0.0	1.0
3141	-----	1	0.0	0.0	1.0
3142	--	6	0.0	0.0	1.0
3143	-	9	0.0	0.0	1.0
3144	+	2	0.0	0.0	1.0
3145	*starts	1	0.0	0.0	1.0
3146	*part*	1	0.0	0.0	1.0
3147	*on	2	0.0	0.0	1.0
3148	*actual*	1	0.0	0.0	1.0
3149	(theoretical)	1	0.0	0.0	1.0
3150	(or	1	0.0	0.0	1.0
3151	(more)	1	0.0	0.0	1.0
3152	(interview	1	0.0	0.0	1.0
3153	(exception/error	1	0.0	0.0	1.0
3154	(driver's	1	0.0	0.0	1.0
3155	'you're	1	0.0	0.0	1.0
3156	'you	1	0.0	0.0	1.0
3157	'what	1	0.0	0.0	1.0
3158	'theme_name')`	1	0.0	0.0	1.0
3159	'the	1	0.0	0.0	1.0
3160	'sub-info'	1	0.0	0.0	1.0
3161	'round	1	0.0	0.0	1.0
3162	'religion'	1	0.0	0.0	1.0
3163	'meancare'	1	0.0	0.0	1.0
3164	'friends'	1	0.0	0.0	1.0
3165	'fresh'	1	0.0	0.0	1.0
3166	'felt	1	0.0	0.0	1.0
3167	'damn	1	0.0	0.0	1.0
3168	'break-clear'	1	0.0	0.0	1.0
3169	''should	1	0.0	0.0	1.0
3170	''please''	1	0.0	0.0	1.0
3171	''off-key''	1	0.0	0.0	1.0
3172	''mojo''	1	0.0	0.0	1.0
3173	'''didn't'''	1	0.0	0.0	1.0
3174	''	1	0.0	0.0	1.0
3175	'	2	0.0	0.0	1.0
3176	&ampunfaithfulness	1	0.0	0.0	1.0
3177	&amptruthfulness	1	0.0	0.0	1.0
3178	&amp	17	0.0	0.0	1.0
3179	&#8230	1	0.0	0.0	1.0
3180	&#8220@weakass_drex:	1	0.0	0.0	1.0
3181	&#8220@tremelvin:	1	0.0	0.0	1.0
3182	&#8220@stamp_denise:	1	0.0	0.0	1.0
3183	&#8220@snapbackblac:	1	0.0	0.0	1.0
3184	&#8220@shiannealvarez:	1	0.0	0.0	1.0
3185	&#8220@selfiequeenbri:	1	0.0	0.0	1.0
3186	&#8220@sabdaddyy:	1	0.0	0.0	1.0
3187	&#8220@pharaohjas:	1	0.0	0.0	1.0
3188	&#8220@nobeeetch:	1	0.0	0.0	1.0
3189	&#8220@no_way_hoesaaay:	1	0.0	0.0	1.0
3190	&#8220@meezytk_:	1	0.0	0.0	1.0
3191	&#8220@hernandezeli_:	1	0.0	0.0	1.0
3192	&#8220@freakyabandoned:	1	0.0	0.0	1.0
3193	&#8220@dablueprint:	1	0.0	0.0	1.0
3194	&#8220@basedchasen:	1	0.0	0.0	1.0
3195	&#8220@_nicolehayley_:	1	0.0	0.0	1.0
3196	&#57361	1	0.0	0.0	1.0
3197	&#128539	1	0.0	0.0	1.0
3198	&#128524	1	0.0	0.0	1.0
3199	&#128522	2	0.0	0.0	1.0
3200	&#128516	1	0.0	0.0	1.0
3201	&#128514rt	1	0.0	0.0	1.0
3202	&#128514&#8221	1	0.0	0.0	1.0
3203	&#128514&#128514&#128514	3	0.0	0.0	1.0
3204	&#128514&#128514	1	0.0	0.0	1.0
3205	&#128514	2	0.0	0.0	1.0
3206	&#128129&#128537	1	0.0	0.0	1.0
3207	&#127383&#127378	1	0.0	0.0	1.0
3208	&#10084&#65039	1	0.0	0.0	1.0
3209	$info_results	1	0.0	0.0	1.0
3210	$500	2	0.0	0.0	1.0
3211	$147/3	1	0.0	0.0	1.0
3212	#zion	2	0.0	0.0	1.0
3213	#youtubefail	1	0.0	0.0	1.0
3214	#yeswedid	1	0.0	0.0	1.0
3215	#wyoming:	1	0.0	0.0	1.0
3216	#wwwgovuk	1	0.0	0.0	1.0
3217	#wutkinda	1	0.0	0.0	1.0
3218	#wrongfilmquotes	1	0.0	0.0	1.0
3219	#wrag	1	0.0	0.0	1.0
3220	#world	1	0.0	0.0	1.0
3221	#womeninbusiness	1	0.0	0.0	1.0
3222	#womeninbiz	1	0.0	0.0	1.0
3223	#wolves	1	0.0	0.0	1.0
3224	#wisewords	1	0.0	0.0	1.0
3225	#wisdom	1	0.0	0.0	1.0
3226	#wimbledon	2	0.0	0.0	1.0
3227	#will	1	0.0	0.0	1.0
3228	#whohurtyou	1	0.0	0.0	1.0
3229	#whitehouse	1	0.0	0.0	1.0
3230	#wheresthesun	1	0.0	0.0	1.0
3231	#whaddup&gt	1	0.0	0.0	1.0
3232	#weekoff	1	0.0	0.0	1.0
3233	#weekend	1	0.0	0.0	1.0
3234	#way	1	0.0	0.0	1.0
3235	#warrior	1	0.0	0.0	1.0
3236	#walkingsidebyside:	1	0.0	0.0	1.0
3237	#vote5sos	1	0.0	0.0	1.0
3238	#views	1	0.0	0.0	1.0
3239	#upset	1	0.0	0.0	1.0
3240	#unwell	1	0.0	0.0	1.0
3241	#unhappy	1	0.0	0.0	1.0
3242	#uber	1	0.0	0.0	1.0
3243	#truth	1	0.0	0.0	1.0
3244	#trump	1	0.0	0.0	1.0
3245	#troublemaker	1	0.0	0.0	1.0
3246	#treason	1	0.0	0.0	1.0
3247	#trayvon	1	0.0	0.0	1.0
3248	#toomuch	1	0.0	0.0	1.0
3249	#terrific	1	0.0	0.0	1.0
3250	#teampet	1	0.0	0.0	1.0
3251	#taylorrayholbrook	1	0.0	0.0	1.0
3252	#tariqnasheed	1	0.0	0.0	1.0
3253	#tariqlive	1	0.0	0.0	1.0
3254	#tariq's	1	0.0	0.0	1.0
3255	#tantrums	1	0.0	0.0	1.0
3256	#summerthunder	1	0.0	0.0	1.0
3257	#summercamp	1	0.0	0.0	1.0
3258	#successtrain	1	0.0	0.0	1.0
3259	#successs	1	0.0	0.0	1.0
3260	#strategy	1	0.0	0.0	1.0
3261	#start	1	0.0	0.0	1.0
3262	#srinivasreddy	1	0.0	0.0	1.0
3263	#someonegetmeajerseyteeasap	1	0.0	0.0	1.0
3264	#someday	1	0.0	0.0	1.0
3265	#soggy	1	0.0	0.0	1.0
3266	#sober	1	0.0	0.0	1.0
3267	#smh	1	0.0	0.0	1.0
3268	#skinny	1	0.0	0.0	1.0
3269	#skibbereen	1	0.0	0.0	1.0
3270	#shy	1	0.0	0.0	1.0
3271	#shudder	1	0.0	0.0	1.0
3272	#shocking	1	0.0	0.0	1.0
3273	#shakespeare	1	0.0	0.0	1.0
3274	#service	1	0.0	0.0	1.0
3275	#sarcasm	1	0.0	0.0	1.0
3276	#sadness	1	0.0	0.0	1.0
3277	#russianhacking	1	0.0	0.0	1.0
3278	#returnthefavor	1	0.0	0.0	1.0
3279	#resentment	1	0.0	0.0	1.0
3280	#relieved	1	0.0	0.0	1.0
3281	#rebelscience	1	0.0	0.0	1.0
3282	#reading	1	0.0	0.0	1.0
3283	#rainbowsixsiege	1	0.0	0.0	1.0
3284	#racism	1	0.0	0.0	1.0
3285	#quote	2	0.0	0.0	1.0
3286	#questioniaskmyself	1	0.0	0.0	1.0
3287	#puppy	1	0.0	0.0	1.0
3288	#publishorperish	1	0.0	0.0	1.0
3289	#professorblacktruth	1	0.0	0.0	1.0
3290	#pride	1	0.0	0.0	1.0
3291	#porn#android#iphone#ipad#sex#xxx	4	0.0	0.0	1.0
3292	#points	1	0.0	0.0	1.0
3293	#phoenix	1	0.0	0.0	1.0
3294	#phobia	1	0.0	0.0	1.0
3295	#philosophy	1	0.0	0.0	1.0
3296	#personal	1	0.0	0.0	1.0
3297	#people	2	0.0	0.0	1.0
3298	#pain	1	0.0	0.0	1.0
3299	#origin	1	0.0	0.0	1.0
3300	#opinion	1	0.0	0.0	1.0
3301	#olivia	1	0.0	0.0	1.0
3302	#oil	1	0.0	0.0	1.0
3303	#offended	1	0.0	0.0	1.0
3304	#nuclearcodes	1	0.0	0.0	1.0
3305	#notyet	1	0.0	0.0	1.0
3306	#noselfcontrol	1	0.0	0.0	1.0
3307	#navy	1	0.0	0.0	1.0
3308	#nature	1	0.0	0.0	1.0
3309	#mylife	1	0.0	0.0	1.0
3310	#mybad	1	0.0	0.0	1.0
3311	#muhammadali	1	0.0	0.0	1.0
3312	#msnbc	1	0.0	0.0	1.0
3313	#mouth	1	0.0	0.0	1.0
3314	#mourn	4	0.0	0.0	1.0
3315	#mothernature	1	0.0	0.0	1.0
3316	#moms	1	0.0	0.0	1.0
3317	#mlballstargame	1	0.0	0.0	1.0
3318	#mlb	1	0.0	0.0	1.0
3319	#missyoumommybear	1	0.0	0.0	1.0
3320	#misonorotta	1	0.0	0.0	1.0
3321	#mentalhealth	2	0.0	0.0	1.0
3322	#meeting	1	0.0	0.0	1.0
3323	#me	1	0.0	0.0	1.0
3324	#madeforlove	1	0.0	0.0	1.0
3325	#loveisland	1	0.0	0.0	1.0
3326	#loveisand	1	0.0	0.0	1.0
3327	#lord	1	0.0	0.0	1.0
3328	#lol	1	0.0	0.0	1.0
3329	#lifeofkylie	1	0.0	0.0	1.0
3330	#life	1	0.0	0.0	1.0
3331	#liar	1	0.0	0.0	1.0
3332	#leftwingnutjob	1	0.0	0.0	1.0
3333	#least	1	0.0	0.0	1.0
3334	#laughs	1	0.0	0.0	1.0
3335	#kindness	1	0.0	0.0	1.0
3336	#joy	2	0.0	0.0	1.0
3337	#jesus	1	0.0	0.0	1.0
3338	#interviewwithavampire	1	0.0	0.0	1.0
3339	#inspiring	1	0.0	0.0	1.0
3340	#insecure	1	0.0	0.0	1.0
3341	#innacurate	1	0.0	0.0	1.0
3342	#indiaagainstislamists	1	0.0	0.0	1.0
3343	#india	1	0.0	0.0	1.0
3344	#ilovevamps	1	0.0	0.0	1.0
3345	#ikitsweird	1	0.0	0.0	1.0
3346	#ifonlypeoplewould	1	0.0	0.0	1.0
3347	#idaho	1	0.0	0.0	1.0
3348	#i	1	0.0	0.0	1.0
3349	#humanity	1	0.0	0.0	1.0
3350	#hot	1	0.0	0.0	1.0
3351	#horrible	1	0.0	0.0	1.0
3352	#hipocrite	1	0.0	0.0	1.0
3353	#help	1	0.0	0.0	1.0
3354	#hashtag10	1	0.0	0.0	1.0
3355	#hairy	1	0.0	0.0	1.0
3356	#god:	1	0.0	0.0	1.0
3357	#god	1	0.0	0.0	1.0
3358	#giggles	1	0.0	0.0	1.0
3359	#funny	1	0.0	0.0	1.0
3360	#forgiveness	1	0.0	0.0	1.0
3361	#for	1	0.0	0.0	1.0
3362	#firstworldproblems	1	0.0	0.0	1.0
3363	#fields	1	0.0	0.0	1.0
3364	#femaleleaders	1	0.0	0.0	1.0
3365	#femaleentrepeneurs	1	0.0	0.0	1.0
3366	#fave	1	0.0	0.0	1.0
3367	#fakenews	1	0.0	0.0	1.0
3368	#fakefan	1	0.0	0.0	1.0
3369	#faith	1	0.0	0.0	1.0
3370	#exist	1	0.0	0.0	1.0
3371	#excitement	1	0.0	0.0	1.0
3372	#evil	2	0.0	0.0	1.0
3373	#epicfail	1	0.0	0.0	1.0
3374	#emailmarketing	1	0.0	0.0	1.0
3375	#emabiggestfans1d	1	0.0	0.0	1.0
3376	#eleesha	1	0.0	0.0	1.0
3377	#dwp	1	0.0	0.0	1.0
3378	#dreary	1	0.0	0.0	1.0
3379	#depressing	2	0.0	0.0	1.0
3380	#degenerateartist	1	0.0	0.0	1.0
3381	#deceit	1	0.0	0.0	1.0
3382	#deaf	1	0.0	0.0	1.0
3383	#day	1	0.0	0.0	1.0
3384	#datelinesbs	1	0.0	0.0	1.0
3385	#creampie	1	0.0	0.0	1.0
3386	#concert	1	0.0	0.0	1.0
3387	#comfort	2	0.0	0.0	1.0
3388	#comedy	1	0.0	0.0	1.0
3389	#cnn	1	0.0	0.0	1.0
3390	#clouds	1	0.0	0.0	1.0
3391	#closeup	1	0.0	0.0	1.0
3392	#challenges	1	0.0	0.0	1.0
3393	#celtics	1	0.0	0.0	1.0
3394	#cashback	1	0.0	0.0	1.0
3395	#campaignmasterclass	1	0.0	0.0	1.0
3396	#bully	1	0.0	0.0	1.0
3397	#brunei	1	0.0	0.0	1.0
3398	#brilliant	1	0.0	0.0	1.0
3399	#brilliance	1	0.0	0.0	1.0
3400	#bright	1	0.0	0.0	1.0
3401	#books	1	0.0	0.0	1.0
3402	#blues	2	0.0	0.0	1.0
3403	#blue	1	0.0	0.0	1.0
3404	#block	1	0.0	0.0	1.0
3405	#blind	1	0.0	0.0	1.0
3406	#blessed	1	0.0	0.0	1.0
3407	#bigots	1	0.0	0.0	1.0
3408	#beauty	1	0.0	0.0	1.0
3409	#be	1	0.0	0.0	1.0
3410	#bathroom	1	0.0	0.0	1.0
3411	#bad	1	0.0	0.0	1.0
3412	#bachelorinparadise	1	0.0	0.0	1.0
3413	#awesome	1	0.0	0.0	1.0
3414	#auckland	1	0.0	0.0	1.0
3415	#at	1	0.0	0.0	1.0
3416	#ashes	1	0.0	0.0	1.0
3417	#asg2017	1	0.0	0.0	1.0
3418	#arsehole	1	0.0	0.0	1.0
3419	#arrogance	1	0.0	0.0	1.0
3420	#arabnationalism	1	0.0	0.0	1.0
3421	#antifasupporter	1	0.0	0.0	1.0
3422	#annoyed	1	0.0	0.0	1.0
3423	#annerice	1	0.0	0.0	1.0
3424	#animals	1	0.0	0.0	1.0
3425	#anandobrahma	1	0.0	0.0	1.0
3426	#anal	1	0.0	0.0	1.0
3427	#amarnathterrorattack	1	0.0	0.0	1.0
3428	#afraid	1	0.0	0.0	1.0
3429	#25thamendmentnow	1	0.0	0.0	1.0
3430	#10thingsthatgetsonmynerves	1	0.0	0.0	1.0
3431	#100daysofcode	1	0.0	0.0	1.0
